<?xml version="1.0" encoding="UTF-8" standalone="yes"?>
<service serviceGroup="" cachable="false" cacheduration="" description="" endpoint="default" groupType="" id="assignActivationCodeAuthenticator" passwordencrypted="false" security="private" type="jsonConnector" smscode="" smsenabled="false">
    <service-config>
        <config-param api-version="" appid="" name="preprocessorname" value="com.temenos.sca.onboarding.preprocessor.ScimActivationCodePreProcessor"/>
        <config-param api-version="" appid="" name="postprocessorname" value="com.temenos.sca.onboarding.postprocessor.ScimActivationCodePostProcessor"/>
        <config-param api-version="" appid="" name="preprocessorJS" value=""/>
        <config-param api-version="" appid="" name="postprocessorJS" value=""/>
        <config-param api-version="" appid="" name="preprocessorRules" value=""/>
        <config-param api-version="" appid="" name="postprocessorRules" value=""/>
        <config-param api-version="" appid="" name="kony_http_supported_methods" value="POST"/>
        <config-param api-version="" appid="" name="endpointUrl" value="https://app.hiddemo.com/scim/TEMENOS/v2/Authenticator"/>
        <config-param api-version="" appid="" name="ignorehttpproxy" value="true"/>
        <config-param api-version="" appid="" name="http.method" value="POST"/>
        <config-param api-version="" appid="" name="dataObjectName" value=""/>
        <config-param api-version="" appid="" name="sockettimeout" value=""/>
        <config-param api-version="" appid="" name="responseEncoding" value="UTF-8"/>
        <config-param api-version="" appid="" name="isembedxmlpresent" value="false"/>
        <config-param api-version="" appid="" name="retrycount" value="0"/>
        <config-param api-version="" appid="" name="jsonpath" value="true"/>
        <config-param api-version="" appid="" name="jsonpath" value="true"/>
        <config-param api-version="" appid="" name="jsonpath" value="true"/>
        <config-param api-version="" appid="" name="jsonpath" value="true"/>
    </service-config>
    <service-input passthrough="false">
        <header datatype="" name="" passthrough="false">
            <param datatype="string" defaultvalue="" description="" encode="false" format="None" formatvalue="" name="Content-Type" order="" paramOrder="0" parentOrder="0" sms-name="" src="constant" sourcevalue="application/scim+json" srcformatvalue="" target="" targetdatatype="" testvalue="" value="">
                <accessType></accessType>
            </param>
            <param datatype="string" defaultvalue="" description="" encode="false" format="None" formatvalue="" name="Accept" order="" paramOrder="0" parentOrder="0" sms-name="" src="constant" sourcevalue="application/scim+json" srcformatvalue="" target="" targetdatatype="" testvalue="" value="">
                <accessType></accessType>
            </param>
            <param datatype="string" defaultvalue="" description="" encode="false" format="None" formatvalue="" name="Authorization" order="" paramOrder="0" parentOrder="0" sms-name="" src="request" sourcevalue="" srcformatvalue="" target="" targetdatatype="" testvalue="" value="">
                <accessType></accessType>
            </param>
        </header>
        <param datatype="number" defaultvalue="" description="" encode="true" format="None" formatvalue="" name="scaUserId" order="" paramOrder="1" parentOrder="-1" passnull="false" sms-name="" src="request" sourcevalue="" srcformatvalue="" target="request" targetdatatype="java.lang.String" testvalue="" value="">
            <accessType></accessType>
        </param>
        <param datatype="string" defaultvalue="" description="" encode="true" format="None" formatvalue="" name="activationCode" order="" paramOrder="2" parentOrder="-1" passnull="false" sms-name="" src="request" sourcevalue="" srcformatvalue="" target="request" targetdatatype="java.lang.String" testvalue="" value="">
            <accessType></accessType>
        </param>
        <param datatype="string" defaultvalue="" description="" encode="true" format="None" formatvalue="" name="startDate" order="" paramOrder="3" parentOrder="-1" passnull="false" sms-name="" src="request" sourcevalue="" srcformatvalue="" target="request" targetdatatype="java.lang.String" testvalue="" value="">
            <accessType></accessType>
        </param>
        <param datatype="string" defaultvalue="" description="" encode="true" format="None" formatvalue="" name="expiryDate" order="" paramOrder="4" parentOrder="-1" passnull="false" sms-name="" src="request" sourcevalue="" srcformatvalue="" target="request" targetdatatype="java.lang.String" testvalue="" value="">
            <accessType></accessType>
        </param>
        <param datatype="string" defaultvalue="" description="" encode="true" format="None" formatvalue="" name="userid" order="" paramOrder="5" parentOrder="-1" passnull="false" sms-name="" src="request" sourcevalue="" srcformatvalue="" target="request" targetdatatype="java.lang.String" testvalue="" value="">
            <accessType></accessType>
        </param>
        <template-param datatype="" defaultvalue="{&#10;  &quot;schemas&quot;: [&#10;    &quot;urn:hid:scim:api:idp:2.0:Authenticator&quot;&#10;  ],&#10;  &quot;policy&quot;: {&#10;    &quot;value&quot;: &quot;AT_ACTPWD&quot;&#10;  },&#10;  &quot;status&quot;: {&#10;    &quot;status&quot;: &quot;ENABLED&quot;,&#10;    &quot;expiryDate&quot;: &quot;$expiryDate&quot;,&#10;    &quot;startDate&quot;: &quot;$startDate&quot;&#10;  },&#10;  &quot;owner&quot;: {&#10;    &quot;value&quot;:  $scaUserId&#10;  },&#10;  &quot;urn:hid:scim:api:idp:2.0:Password&quot;: {&#10;    &quot;username&quot;: &quot;$userid&quot;,&#10;    &quot;password&quot;: &quot;$activationCode&quot;&#10;  }&#10;}" description="" encode="false" format="" formatvalue="" name="message" order="" paramOrder="0" parentOrder="0" sms-name="" src="" sourcevalue="" srcformatvalue="" target="" targetdatatype="" value="{&#10;  &quot;schemas&quot;: [&#10;    &quot;urn:hid:scim:api:idp:2.0:Authenticator&quot;&#10;  ],&#10;  &quot;policy&quot;: {&#10;    &quot;value&quot;: &quot;AT_ACTPWD&quot;&#10;  },&#10;  &quot;status&quot;: {&#10;    &quot;status&quot;: &quot;ENABLED&quot;,&#10;    &quot;expiryDate&quot;: &quot;$expiryDate&quot;,&#10;    &quot;startDate&quot;: &quot;$startDate&quot;&#10;  },&#10;  &quot;owner&quot;: {&#10;    &quot;value&quot;:  $scaUserId&#10;  },&#10;  &quot;urn:hid:scim:api:idp:2.0:Password&quot;: {&#10;    &quot;username&quot;: &quot;$userid&quot;,&#10;    &quot;password&quot;: &quot;$activationCode&quot;&#10;  }&#10;}">
            <accessType></accessType>
        </template-param>
        <stub-param value=""/>
    </service-input>
    <service-output passthrough="false">
        <param datatype="string" defaultvalue="" description="" encode="true" format="None" formatvalue="" name="id" order="" paramOrder="1" parentOrder="0" passnull="false" sms-name="" src="$.id" sourcevalue="" srcformatvalue="" target="response" targetdatatype="java.lang.String" testvalue="" value="">
            <accessType></accessType>
        </param>
        <param datatype="string" defaultvalue="" description="" encode="true" format="None" formatvalue="" name="externalId" order="" paramOrder="2" parentOrder="0" passnull="false" sms-name="" src="$.externalId" sourcevalue="" srcformatvalue="" target="response" targetdatatype="java.lang.String" testvalue="" value="">
            <accessType></accessType>
        </param>
        <param datatype="string" defaultvalue="" description="" encode="true" format="None" formatvalue="" name="errorCode" order="" paramOrder="14" parentOrder="0" passnull="false" sms-name="" src="$.errorCode" sourcevalue="" srcformatvalue="" target="response" targetdatatype="java.lang.String" testvalue="" value="">
            <accessType></accessType>
        </param>
        <param datatype="string" defaultvalue="" description="" encode="true" format="None" formatvalue="" name="detail" order="" paramOrder="15" parentOrder="0" passnull="false" sms-name="" src="$.detail" sourcevalue="" srcformatvalue="" target="response" targetdatatype="java.lang.String" testvalue="" value="">
            <accessType></accessType>
        </param>
        <record id="status" order="" paramOrder="3" parentOrder="0" src="$.status">
            <param datatype="string" defaultvalue="" description="" encode="true" format="None" formatvalue="" name="status" order="" paramOrder="4" parentOrder="3" passnull="false" sms-name="" src="status" sourcevalue="" srcformatvalue="" target="response" targetdatatype="java.lang.String" testvalue="" value="">
                <accessType></accessType>
            </param>
            <param datatype="boolean" defaultvalue="" description="" encode="true" format="None" formatvalue="" name="active" order="" paramOrder="5" parentOrder="3" passnull="false" sms-name="" src="active" sourcevalue="" srcformatvalue="" target="response" targetdatatype="java.lang.String" testvalue="" value="">
                <accessType></accessType>
            </param>
            <param datatype="string" defaultvalue="" description="" encode="true" format="None" formatvalue="" name="expiryDate" order="" paramOrder="6" parentOrder="3" passnull="false" sms-name="" src="expiryDate" sourcevalue="" srcformatvalue="" target="response" targetdatatype="java.lang.String" testvalue="" value="">
                <accessType></accessType>
            </param>
            <param datatype="string" defaultvalue="" description="" encode="true" format="None" formatvalue="" name="startDate" order="" paramOrder="7" parentOrder="3" passnull="false" sms-name="" src="startDate" sourcevalue="" srcformatvalue="" target="response" targetdatatype="java.lang.String" testvalue="" value="">
                <accessType></accessType>
            </param>
        </record>
        <record id="statistics" order="" paramOrder="8" parentOrder="0" src="$.statistics">
            <param datatype="string" defaultvalue="" description="" encode="true" format="None" formatvalue="" name="consecutiveFailed" order="" paramOrder="9" parentOrder="8" passnull="false" sms-name="" src="consecutiveFailed" sourcevalue="" srcformatvalue="" target="response" targetdatatype="java.lang.String" testvalue="" value="">
                <accessType></accessType>
            </param>
            <param datatype="string" defaultvalue="" description="" encode="true" format="None" formatvalue="" name="consecutiveSuccess" order="" paramOrder="10" parentOrder="8" passnull="false" sms-name="" src="consecutiveSuccess" sourcevalue="" srcformatvalue="" target="response" targetdatatype="java.lang.String" testvalue="" value="">
                <accessType></accessType>
            </param>
            <param datatype="string" defaultvalue="" description="" encode="true" format="None" formatvalue="" name="maximumNumberOfUsages" order="" paramOrder="11" parentOrder="8" passnull="false" sms-name="" src="maximumNumberOfUsages" sourcevalue="" srcformatvalue="" target="response" targetdatatype="java.lang.String" testvalue="" value="">
                <accessType></accessType>
            </param>
            <param datatype="string" defaultvalue="" description="" encode="true" format="None" formatvalue="" name="totalFailed" order="" paramOrder="12" parentOrder="8" passnull="false" sms-name="" src="totalFailed" sourcevalue="" srcformatvalue="" target="response" targetdatatype="java.lang.String" testvalue="" value="">
                <accessType></accessType>
            </param>
            <param datatype="string" defaultvalue="" description="" encode="true" format="None" formatvalue="" name="totalSuccess" order="" paramOrder="13" parentOrder="8" passnull="false" sms-name="" src="totalSuccess" sourcevalue="" srcformatvalue="" target="response" targetdatatype="java.lang.String" testvalue="" value="">
                <accessType></accessType>
            </param>
        </record>
    </service-output>
</service>
