<?xml version="1.0" encoding="UTF-8" standalone="yes"?>
<service serviceGroup="" cachable="false" cacheduration="" description="" endpoint="default" groupType="" id="changePassword" passwordencrypted="false" security="private" type="jsonConnector" smscode="" smsenabled="false">
    <service-config>
        <config-param api-version="" appid="" name="preprocessorname" value=""/>
        <config-param api-version="" appid="" name="postprocessorname" value=""/>
        <config-param api-version="" appid="" name="preprocessorJS" value=""/>
        <config-param api-version="" appid="" name="postprocessorJS" value=""/>
        <config-param api-version="" appid="" name="preprocessorRules" value=""/>
        <config-param api-version="" appid="" name="postprocessorRules" value=""/>
        <config-param api-version="" appid="" name="kony_http_supported_methods" value="POST"/>
        <config-param api-version="" appid="" name="endpointUrl" value="https://app.hiddemo.com/scim/TEMENOS/v2/Authenticator/$scaUserId.$authenticator"/>
        <config-param api-version="" appid="" name="ignorehttpproxy" value="true"/>
        <config-param api-version="" appid="" name="http.method" value="PUT"/>
        <config-param api-version="" appid="" name="dataObjectName" value=""/>
        <config-param api-version="" appid="" name="sockettimeout" value=""/>
        <config-param api-version="" appid="" name="responseEncoding" value="UTF-8"/>
        <config-param api-version="" appid="" name="isembedxmlpresent" value="false"/>
        <config-param api-version="" appid="" name="retrycount" value="0"/>
        <config-param api-version="" appid="" name="jsonpath" value="true"/>
    </service-config>
    <service-input passthrough="false">
        <header datatype="" name="" passthrough="false">
            <param datatype="string" defaultvalue="" description="" encode="false" format="None" formatvalue="" name="Content-Type" order="" paramOrder="0" parentOrder="0" sms-name="" src="constant" sourcevalue="application/scim+json" srcformatvalue="" target="" targetdatatype="" testvalue="" value="">
                <accessType></accessType>
            </param>
            <param datatype="string" defaultvalue="" description="" encode="false" format="None" formatvalue="" name="Accept" order="" paramOrder="0" parentOrder="0" sms-name="" src="constant" sourcevalue="application/scim+json" srcformatvalue="" target="" targetdatatype="" testvalue="" value="">
                <accessType></accessType>
            </param>
            <param datatype="string" defaultvalue="" description="" encode="false" format="None" formatvalue="" name="Authorization" order="" paramOrder="0" parentOrder="0" sms-name="" src="request" sourcevalue="" srcformatvalue="" target="" targetdatatype="" testvalue="" value="">
                <accessType></accessType>
            </param>
        </header>
        <param datatype="string" defaultvalue="" description="" encode="true" format="None" formatvalue="" name="scaUserId" order="" paramOrder="1" parentOrder="-1" passnull="false" sms-name="" src="request" sourcevalue="" srcformatvalue="" target="request" targetdatatype="java.lang.String" testvalue="" value="">
            <accessType></accessType>
        </param>
        <param datatype="string" defaultvalue="AT_CUSTPW" description="" encode="true" format="None" formatvalue="" name="authenticator" order="" paramOrder="2" parentOrder="-1" passnull="false" sms-name="" src="request" sourcevalue="" srcformatvalue="" target="request" targetdatatype="java.lang.String" testvalue="" value="AT_CUSTPW">
            <accessType></accessType>
        </param>
        <param datatype="string" defaultvalue="" description="" encode="true" format="None" formatvalue="" name="password" order="" paramOrder="3" parentOrder="-1" passnull="false" sms-name="" src="request" sourcevalue="" srcformatvalue="" target="request" targetdatatype="java.lang.String" testvalue="" value="">
            <accessType></accessType>
        </param>
        <param datatype="string" defaultvalue="" description="" encode="true" format="None" formatvalue="" name="userId" order="" paramOrder="4" parentOrder="-1" passnull="false" sms-name="" src="request" sourcevalue="" srcformatvalue="" target="request" targetdatatype="java.lang.String" testvalue="" value="">
            <accessType></accessType>
        </param>
        <param datatype="string" defaultvalue="" description="" encode="true" format="None" formatvalue="" name="authReqId" order="" paramOrder="5" parentOrder="-1" passnull="false" sms-name="" src="request" sourcevalue="" srcformatvalue="" target="request" targetdatatype="java.lang.String" testvalue="" value="">
            <accessType></accessType>
        </param>
        <param datatype="string" defaultvalue="" description="" encode="true" format="None" formatvalue="" name="userName" order="" paramOrder="6" parentOrder="-1" passnull="false" sms-name="" src="request" sourcevalue="" srcformatvalue="" target="request" targetdatatype="java.lang.String" testvalue="" value="">
            <accessType></accessType>
        </param>
        <template-param datatype="" defaultvalue="{&#10;    &quot;schemas&quot;: [&#10;        &quot;urn:hid:scim:api:idp:2.0:Authenticator&quot;,&#10;        &quot;urn:hid:scim:api:idp:2.0:Password&quot;&#10;    ],&#10;    &quot;id&quot;: &quot;$userId.$authenticator&quot;,&#10;    &quot;status&quot;: {&#10;        &quot;status&quot;: &quot;ENABLED&quot;,&#10;        &quot;active&quot;: true&#10;    },&#10;    &quot;urn:hid:scim:api:idp:2.0:Password&quot;: {&#10;        &quot;username&quot;: &quot;$userName&quot;,&#10;        &quot;password&quot;: &quot;$password&quot;&#10;    }&#10;}" description="" encode="false" format="" formatvalue="" name="message" order="" paramOrder="0" parentOrder="0" sms-name="" src="" sourcevalue="" srcformatvalue="" target="" targetdatatype="" value="{&#10;    &quot;schemas&quot;: [&#10;        &quot;urn:hid:scim:api:idp:2.0:Authenticator&quot;,&#10;        &quot;urn:hid:scim:api:idp:2.0:Password&quot;&#10;    ],&#10;    &quot;id&quot;: &quot;$userId.$authenticator&quot;,&#10;    &quot;status&quot;: {&#10;        &quot;status&quot;: &quot;ENABLED&quot;,&#10;        &quot;active&quot;: true&#10;    },&#10;    &quot;urn:hid:scim:api:idp:2.0:Password&quot;: {&#10;        &quot;username&quot;: &quot;$userName&quot;,&#10;        &quot;password&quot;: &quot;$password&quot;&#10;    }&#10;}">
            <accessType></accessType>
        </template-param>
        <stub-param value="{&#10; &quot;Employee&quot;:&#10; [&#10;  '{{repeat(10, 20)}}',&#10;  {&#10;   &quot;id&quot;: &quot;{{concat(&quot;EMP&quot;,index())}}&quot;,&#10;   &quot;onBoarded&quot;: &quot;{{bool()}}&quot;,&#10;   &quot;salary&quot;: &quot;{{concat(&quot;$&quot;,float(20000, 50000, &quot;%.2f&quot;))}}&quot;,&#10;   &quot;age&quot;: &quot;{{integer(20, 40)}}&quot;,&#10;   &quot;name&quot;: &quot;{{firstName()}} {{surname()}}&quot;,&#10;   &quot;manager&quot;: &quot;{{firstName()}} {{surname()}}&quot;,&#10;   &quot;gender&quot;: &quot;{{gender()}}&quot;,&#10;   &quot;designation&quot;:&quot;{{random(&quot;Associate Engineer&quot;,&quot;VP Operations&quot;,&quot;Director Of HR&quot;,&quot;Lead HR Officer&quot;,&quot;Senior Manager&quot;,&quot;Associate Manager&quot;)}}&quot;,&#10;   &quot;company&quot;: &quot;{{toUpperCase(company())}}&quot;,&#10;   &quot;email&quot;: &quot;{{email()}}&quot;,&#10;   &quot;phone&quot;: &quot;+1 {{phone()}}&quot;,&#10;   &quot;address&quot;: &quot;{{integer(100, 999)}} {{street()}}, {{city()}}, {{state()}}, {{integer(100, 10000)}}&quot;,&#10;   &quot;location&quot;:&quot;{{city()}}&quot;,&#10;   &quot;latitude&quot;: &quot;{{float(-90.000001, 90)}}&quot;,&#10;   &quot;longitude&quot;: &quot;{{float(-180.000001, 180)}}&quot;,&#10;   &quot;about&quot;: &quot;{{lorem(30, &quot;words&quot;)}}&quot;,&#10;   &quot;date_of_joining&quot;: &quot;{{date(&quot;01-01-2014 12:00:00&quot;, &quot;01-01-2018 12:00:00&quot;, &quot;yyyy-MM-dd'T'HH:mm:ss Z&quot;)}}&quot;&#10;  }&#10; ]&#10;}"/>
    </service-input>
    <service-output passthrough="false">
        <param datatype="string" defaultvalue="" description="" encode="true" format="None" formatvalue="" name="id" order="" paramOrder="1" parentOrder="0" passnull="false" sms-name="" src="$.id" sourcevalue="" srcformatvalue="" target="response" targetdatatype="java.lang.String" testvalue="" value="">
            <accessType></accessType>
        </param>
        <param datatype="string" defaultvalue="" description="" encode="true" format="None" formatvalue="" name="externalId" order="" paramOrder="2" parentOrder="0" passnull="false" sms-name="" src="$.externalId" sourcevalue="" srcformatvalue="" target="response" targetdatatype="java.lang.String" testvalue="" value="">
            <accessType></accessType>
        </param>
        <param datatype="string" defaultvalue="" description="" encode="true" format="None" formatvalue="" name="errorCode" order="" paramOrder="3" parentOrder="0" passnull="false" sms-name="" src="$.errorCode" sourcevalue="" srcformatvalue="" target="response" targetdatatype="java.lang.String" testvalue="" value="">
            <accessType></accessType>
        </param>
        <param datatype="string" defaultvalue="" description="" encode="true" format="None" formatvalue="" name="detail" order="" paramOrder="4" parentOrder="0" passnull="false" sms-name="" src="$.detail" sourcevalue="" srcformatvalue="" target="response" targetdatatype="java.lang.String" testvalue="" value="">
            <accessType></accessType>
        </param>
    </service-output>
</service>
