<?xml version="1.0" encoding="UTF-8" standalone="yes"?>
<service serviceGroup="" cachable="true" cacheduration="86400" description="" endpoint="default" groupType="" id="getPasswordPolicy" passwordencrypted="false" security="authorized_app" type="jsonConnector" smscode="" smsenabled="false">
    <service-config>
        <config-param api-version="" appid="" name="preprocessorname" value="com.temenos.sca.onboarding.preprocessor.ClientCredentialsPreProcessor"/>
        <config-param api-version="" appid="" name="postprocessorname" value="com.temenos.sca.onboarding.postprocessor.ScimPasswordPolicyPostProcessor"/>
        <config-param api-version="" appid="" name="preprocessorJS" value=""/>
        <config-param api-version="" appid="" name="postprocessorJS" value=""/>
        <config-param api-version="" appid="" name="preprocessorRules" value=""/>
        <config-param api-version="" appid="" name="postprocessorRules" value=""/>
        <config-param api-version="" appid="" name="kony_http_supported_methods" value="POST"/>
        <config-param api-version="" appid="" name="endpointUrl" value="https://app.hiddemo.com/scim/TEMENOS/v2/Policy/Authenticator/AT_CUSTPW"/>
        <config-param api-version="" appid="" name="ignorehttpproxy" value="true"/>
        <config-param api-version="" appid="" name="http.method" value="GET"/>
        <config-param api-version="" appid="" name="dataObjectName" value=""/>
        <config-param api-version="" appid="" name="sockettimeout" value=""/>
        <config-param api-version="" appid="" name="responseEncoding" value="UTF-8"/>
        <config-param api-version="" appid="" name="isembedxmlpresent" value="false"/>
        <config-param api-version="" appid="" name="retrycount" value="0"/>
        <config-param api-version="" appid="" name="jsonpath" value="true"/>
    </service-config>
    <service-input passthrough="false">
        <header datatype="" name="" passthrough="false">
            <param datatype="string" defaultvalue="" description="" encode="false" format="None" formatvalue="" name="Authorization" order="" paramOrder="0" parentOrder="0" sms-name="" src="request" sourcevalue="" srcformatvalue="" target="" targetdatatype="" testvalue="Bearer RTp7HwAAAXXXx1UJ2EnI5zeX3Dcx8fuY23R07lsm" value="">
                <accessType></accessType>
            </param>
            <param datatype="string" defaultvalue="" description="" encode="false" format="None" formatvalue="" name="Content-Type" order="" paramOrder="0" parentOrder="0" sms-name="" src="constant" sourcevalue="application/scim+json" srcformatvalue="" target="" targetdatatype="" testvalue="application/scim+json" value="">
                <accessType></accessType>
            </param>
            <param datatype="string" defaultvalue="" description="" encode="false" format="None" formatvalue="" name="Accept" order="" paramOrder="0" parentOrder="0" sms-name="" src="constant" sourcevalue="application/scim+json" srcformatvalue="" target="" targetdatatype="" testvalue="" value="">
                <accessType></accessType>
            </param>
        </header>
        <stub-param value=""/>
    </service-input>
    <service-output passthrough="false">
        <param datatype="string" defaultvalue="" description="" encode="true" format="None" formatvalue="" name="numOrAlpha" order="" paramOrder="1" parentOrder="0" passnull="false" sms-name="" src="$.[&quot;urn:hid:scim:api:idp:2.0:policy:authenticator:Password&quot;][&quot;passwordpolicy&quot;][&quot;numOrAlpha&quot;]" sourcevalue="" srcformatvalue="" target="response" targetdatatype="java.lang.String" testvalue="" value="">
            <accessType></accessType>
        </param>
        <param datatype="string" defaultvalue="" description="" encode="true" format="None" formatvalue="" name="minLength" order="" paramOrder="2" parentOrder="0" passnull="false" sms-name="" src="$.[&quot;urn:hid:scim:api:idp:2.0:policy:authenticator:Password&quot;][&quot;passwordpolicy&quot;][&quot;minLength&quot;]" sourcevalue="" srcformatvalue="" target="response" targetdatatype="java.lang.String" testvalue="" value="">
            <accessType></accessType>
        </param>
        <param datatype="string" defaultvalue="" description="" encode="true" format="None" formatvalue="" name="maxLength" order="" paramOrder="3" parentOrder="0" passnull="false" sms-name="" src="$.[&quot;urn:hid:scim:api:idp:2.0:policy:authenticator:Password&quot;][&quot;passwordpolicy&quot;][&quot;maxLength&quot;]" sourcevalue="" srcformatvalue="" target="response" targetdatatype="java.lang.String" testvalue="" value="">
            <accessType></accessType>
        </param>
        <param datatype="string" defaultvalue="" description="" encode="true" format="None" formatvalue="" name="minDiffChars" order="" paramOrder="4" parentOrder="0" passnull="false" sms-name="" src="$.[&quot;urn:hid:scim:api:idp:2.0:policy:authenticator:Password&quot;][&quot;passwordpolicy&quot;][&quot;minDiffChars&quot;]" sourcevalue="" srcformatvalue="" target="response" targetdatatype="java.lang.String" testvalue="" value="">
            <accessType></accessType>
        </param>
        <param datatype="string" defaultvalue="" description="" encode="true" format="None" formatvalue="" name="notUserAttribute" order="" paramOrder="5" parentOrder="0" passnull="false" sms-name="" src="$.[&quot;urn:hid:scim:api:idp:2.0:policy:authenticator:Password&quot;][&quot;passwordpolicy&quot;][&quot;notUserAttribute&quot;]" sourcevalue="" srcformatvalue="" target="response" targetdatatype="java.lang.String" testvalue="" value="">
            <accessType></accessType>
        </param>
        <param datatype="string" defaultvalue="" description="" encode="true" format="None" formatvalue="" name="notEnglish" order="" paramOrder="6" parentOrder="0" passnull="false" sms-name="" src="$.[&quot;urn:hid:scim:api:idp:2.0:policy:authenticator:Password&quot;][&quot;passwordpolicy&quot;][&quot;notEnglish&quot;]" sourcevalue="" srcformatvalue="" target="response" targetdatatype="java.lang.String" testvalue="" value="">
            <accessType></accessType>
        </param>
        <param datatype="string" defaultvalue="" description="" encode="true" format="None" formatvalue="" name="id" order="" paramOrder="7" parentOrder="0" passnull="false" sms-name="" src="$.id" sourcevalue="" srcformatvalue="" target="response" targetdatatype="java.lang.String" testvalue="" value="">
            <accessType></accessType>
        </param>
    </service-output>
</service>
