{
  "operationConfig" : {
    "name" : "getPasswordPolicy4599",
    "type" : "MappedToBackend",
    "cachable" : false,
    "smsEnabled" : false,
    "security" : "authorized_app",
    "responseEncoding" : "UTF-8",
    "httpMethod" : "GET",
    "decodeResponseBody" : false,
    "oMapping" : "<?xml version=\"1.0\" encoding=\"UTF-8\" standalone=\"yes\"?><mapper xmlns=\"http://www.kony.com/ns/mapper\">  <map inputpath=\"response_in\" outputpath=\"response_out\">    <map inputpath=\"\" outputpath=\"\">      <set-param inputpath=\"id\" outputpath=\"id\"/>      <set-param inputpath=\"PasswordPolicy\" outputpath=\"PasswordPolicy\"/>      \t    </map>  </map></mapper>",
    "oVisualMappingData" : "{\"nodeDataArray\":[{\"isGroup\":true,\"key\":\"response_out\",\"text\":\"PasswordPolicy\",\"xy\":\"770 100\"},{\"isGroup\":true,\"key\":\"response_in\",\"text\":\"SCAScimApis (1.0).getPasswordPolicy\",\"xy\":\"482 127\"}],\"linkDataArray\":[{\"from\":\"target\",\"to\":\"target:PasswordPolicy\",\"fromPort\":\"target\",\"toPort\":\"target:PasswordPolicy\",\"visible\":true,\"common\":false},{\"from\":\"target:PasswordPolicy\",\"to\":\"target:PasswordPolicy:fields\",\"fromPort\":\"target:PasswordPolicy\",\"toPort\":\"target:PasswordPolicy:fields\",\"visible\":true,\"common\":false},{\"from\":\"target:PasswordPolicy:fields\",\"to\":\"target:PasswordPolicy:id:\",\"fromPort\":\"target:PasswordPolicy:fields\",\"toPort\":\"target:PasswordPolicy:id:\",\"visible\":true,\"common\":false},{\"from\":\"target:PasswordPolicy:fields\",\"to\":\"target:PasswordPolicy:PasswordPolicy:\",\"fromPort\":\"target:PasswordPolicy:fields\",\"toPort\":\"target:PasswordPolicy:PasswordPolicy:\",\"visible\":true,\"common\":false},{\"from\":\"source\",\"to\":\"source:parameters\",\"fromPort\":\"source\",\"toPort\":\"source:parameters\",\"visible\":true,\"common\":false},{\"from\":\"source:parameters\",\"to\":\"source:id:\",\"fromPort\":\"source:parameters\",\"toPort\":\"source:id:\",\"visible\":true,\"common\":false},{\"from\":\"source:parameters\",\"to\":\"source:maxLength:\",\"fromPort\":\"source:parameters\",\"toPort\":\"source:maxLength:\",\"visible\":true,\"common\":false},{\"from\":\"source:parameters\",\"to\":\"source:minDiffChars:\",\"fromPort\":\"source:parameters\",\"toPort\":\"source:minDiffChars:\",\"visible\":true,\"common\":false},{\"from\":\"source:parameters\",\"to\":\"source:minLength:\",\"fromPort\":\"source:parameters\",\"toPort\":\"source:minLength:\",\"visible\":true,\"common\":false},{\"from\":\"source:parameters\",\"to\":\"source:notEnglish:\",\"fromPort\":\"source:parameters\",\"toPort\":\"source:notEnglish:\",\"visible\":true,\"common\":false},{\"from\":\"source:parameters\",\"to\":\"source:notUserAttribute:\",\"fromPort\":\"source:parameters\",\"toPort\":\"source:notUserAttribute:\",\"visible\":true,\"common\":false},{\"from\":\"source:parameters\",\"to\":\"source:numOrAlpha:\",\"fromPort\":\"source:parameters\",\"toPort\":\"source:numOrAlpha:\",\"visible\":true,\"common\":false},{\"category\":\"Mapping\",\"visible\":true,\"from\":\"source:id:\",\"to\":\"target:PasswordPolicy:id:\",\"fromPort\":\"source:id:\",\"toPort\":\"target:PasswordPolicy:id:\"}],\"blockCount\":{\"variableCount\":0},\"variableMap\":{},\"xmlMappingOverride\":true}",
    "applyCommonMapping" : false,
    "applyRequestCommonMapping" : true,
    "applyResponseCommonMapping" : false,
    "backendMeta" : {
      "serviceName" : "SCAScimApis",
      "serviceVersion" : "1.0",
      "operationName" : "getPasswordPolicy"
    },
    "relationshipHierarchyMapping" : {
      "children" : [ ],
      "name" : "PasswordPolicy",
      "actions" : { },
      "selected" : true
    },
    "requestXmlMappingOverride" : false,
    "responseXmlMappingOverride" : true
  }
}