<?xml version="1.0" encoding="UTF-8" standalone="yes"?>
<service serviceGroup="" cachable="false" cacheduration="" description="" endpoint="" groupType="" id="createDevice" passwordencrypted="" security="authorized_app" type="CompositeConnector" smscode="" smsenabled="false">
    <service-config>
        <config-param api-version="" appid="" name="preprocessorname" value="com.temenos.sca.onboarding.preprocessor.CreatePasswordOrchPreProcessor"/>
        <config-param api-version="" appid="" name="postprocessorJS" value=""/>
        <config-param api-version="" appid="" name="preprocessorJS" value=""/>
        <config-param api-version="" appid="" name="postprocessorname" value=""/>
        <config-param api-version="" appid="" name="exec_type" value="Sequential"/>
        <config-param api-version="" appid="" name="kony_http_supported_methods" value="POST"/>
        <config-param api-version="1.0" appid="ClientCredentials" name="service" value="fetchAccessToken"/>
        <config-param api-version="1.0" appid="SCAScimApis" name="service" value="createDevice"/>
        <config-param api-version="1.0" appid="SCAScimApis" name="service" value="assignDevice"/>
        <config-param api-version="1.0" appid="SCAScimApis" name="service" value="scaSearchUser"/>
        <config-param api-version="1.0" appid="DeviceProvision" name="service" value="getProvisioningCode"/>
    </service-config>
    <service-input passthrough="false"/>
    <service-output passthrough="false"/>
</service>
