{
  "name" : "UserCredentialsIdentity",
  "type" : "oauth2",
  "version" : "1.0",
  "metaPreference" : -1,
  "config" : "{\"auth_type\":\"oauth2\",\"session_restrictions\":{\"session_restriction_type\":\"allow_any_number_of_sessions\"},\"profile\":{\"profile_attribute_selectors\":{\"federation_id\":\"\",\"last_name\":\"\",\"custom_profile_attribute_selectors\":{},\"first_name\":\"\",\"email\":\"\"},\"endpoint\":{\"location\":\"\",\"type\":\"none\",\"value\":\"\"},\"request_method\":\"GET\"},\"dependent_providers\":[],\"client_authentication\":{\"authentication_scheme\":\"header\",\"client_secret\":\"Password01\",\"client_id\":\"spl-api\"},\"authorization_endpoint\":\"\",\"logout_url\":\"\",\"additional_data\":{\"refresh_request\":[],\"token_request\":[],\"revoke_request\":[],\"profile_request\":[],\"authorize_request\":[]},\"grant_type\":\"password\",\"scope\":\"openid profile\",\"authentication_scheme\":\"header\",\"oauthProviderType\":\"default\",\"token_endpoint\":\"https://app.hiddemo.com/idp/TEMENOS/authn/token\"}",
  "policyConfig" : "{\"def_user_status\":\"pending\",\"max_login_fail\":5}",
  "admissionPolicy" : "no_approval_needed",
  "identityMeta" : {
    "allow_sso" : false
  },
  "isIntegrityEnabled" : true,
  "ssoenabled" : false
}