<?xml version="1.0" encoding="UTF-8" standalone="yes"?>
<service serviceGroup="" cachable="false" cacheduration="" description="" endpoint="default" groupType="" id="getTransactionPayload" passwordencrypted="false" security="authorized_app_user" type="jsonConnector" smscode="" smsenabled="false">
    <service-config>
        <config-param api-version="" appid="" name="preprocessorname" value=""/>
        <config-param api-version="" appid="" name="postprocessorname" value=""/>
        <config-param api-version="" appid="" name="preprocessorJS" value=""/>
        <config-param api-version="" appid="" name="postprocessorJS" value=""/>
        <config-param api-version="" appid="" name="preprocessorRules" value=""/>
        <config-param api-version="" appid="" name="postprocessorRules" value=""/>
        <config-param api-version="" appid="" name="kony_http_supported_methods" value="POST"/>
        <config-param api-version="" appid="" name="endpointUrl" value="https://infinityga.konycloud.com/services/SCAIntegrationService/getPayload"/>
        <config-param api-version="" appid="" name="ignorehttpproxy" value="true"/>
        <config-param api-version="" appid="" name="http.method" value="POST"/>
        <config-param api-version="" appid="" name="dataObjectName" value=""/>
        <config-param api-version="" appid="" name="sockettimeout" value=""/>
        <config-param api-version="" appid="" name="responseEncoding" value="UTF-8"/>
        <config-param api-version="" appid="" name="isembedxmlpresent" value="false"/>
        <config-param api-version="" appid="" name="retrycount" value="0"/>
        <config-param api-version="" appid="" name="jsonpath" value="true"/>
    </service-config>
    <service-input passthrough="false">
        <header datatype="" name="" passthrough="false">
            <param datatype="string" defaultvalue="" description="" encode="false" format="None" formatvalue="" name="X-Kony-Authorization" order="" paramOrder="0" parentOrder="0" sms-name="" src="request" sourcevalue="" srcformatvalue="" target="" targetdatatype="" testvalue="" value="">
                <accessType></accessType>
            </param>
        </header>
        <param datatype="string" defaultvalue="" description="" encode="true" format="None" formatvalue="" name="serviceKey" order="" paramOrder="1" parentOrder="-1" passnull="false" sms-name="" src="request" sourcevalue="" srcformatvalue="" target="request" targetdatatype="java.lang.String" testvalue="" value="">
            <accessType></accessType>
        </param>
        <template-param datatype="" defaultvalue="{&#10;    &quot;serviceKey&quot;: &quot;$serviceKey&quot;&#10;}" description="" encode="false" format="" formatvalue="" name="message" order="" paramOrder="0" parentOrder="0" sms-name="" src="" sourcevalue="" srcformatvalue="" target="" targetdatatype="" value="{&#10;    &quot;serviceKey&quot;: &quot;$serviceKey&quot;&#10;}">
            <accessType></accessType>
        </template-param>
        <stub-param value="{&#10;    &quot;payload&quot;:&quot;&#10;    {&#10;        &quot;amount&quot;:&quot;20.00&quot;,&#10;        &quot;beneficiaryId&quot;:null,&quot;frequencyEndDate&quot;:&quot;2021-01-14T20:14:51.839Z&quot;,&#10;        &quot;frequencyType&quot;:&quot;Once&quot;,&#10;        &quot;fromAccountNumber&quot;:&quot;210107085744759&quot;,&#10;        &quot;isScheduled&quot;:&quot;0&quot;,&#10;        &quot;scheduledDate&quot;:&quot;2021-01-14T20:14:51.839Z&quot;,&#10;        &quot;toAccountNumber&quot;:&quot;210107085744811&quot;,&#10;        &quot;transactionsNotes&quot;:&quot;&quot;,&#10;        &quot;transactionType&quot;:&quot;InternalTransfer&quot;,&#10;        &quot;transactionCurrency&quot;:&quot;USD&quot;,&#10;        &quot;fromAccountCurrency&quot;:&quot;USD&quot;,&#10;        &quot;toAccountCurrency&quot;:&quot;USD&quot;,&#10;        &quot;numberOfRecurrences&quot;:null,&quot;ExternalAccountNumber&quot;:null,&quot;routingNumber&quot;:&quot;648721615&quot;,&#10;        &quot;serviceName&quot;:&quot;TRANSFER_BETWEEN_OWN_ACCOUNT_CREATE&quot;&#10;    }&#10;&quot;,&#10;    &quot;opstatus&quot;:0,&quot;httpStatusCode&quot;:0&#10;}"/>
    </service-input>
    <service-output passthrough="false">
        <param datatype="string" defaultvalue="" description="" encode="true" format="None" formatvalue="" name="payload" order="" paramOrder="1" parentOrder="0" passnull="false" sms-name="" src="$.payload" sourcevalue="" srcformatvalue="" target="response" targetdatatype="java.lang.String" testvalue="" value="">
            <accessType></accessType>
        </param>
    </service-output>
</service>
