{
  "operationConfig" : {
    "name" : "validateLostDevice3437",
    "type" : "MappedToBackend",
    "cachable" : false,
    "smsEnabled" : false,
    "security" : "authorized_app",
    "responseEncoding" : "UTF-8",
    "httpMethod" : "GET",
    "decodeResponseBody" : false,
    "iMapping" : "<?xml version=\"1.0\" encoding=\"UTF-8\" standalone=\"yes\"?>\n<mapper xmlns=\"http://www.kony.com/ns/mapper\">\n    <map inputpath=\"request_in\" outputpath=\"request_out\">\n        <set-param inputpath=\"deviceId\" outputpath=\"deviceId\"/>\n        <set-param inputpath=\"password\" outputpath=\"password\"/>\n        <set-param inputpath=\"userid\" outputpath=\"userid\"/>\n    </map>\n</mapper>\n",
    "oMapping" : "<?xml version=\"1.0\" encoding=\"UTF-8\" standalone=\"yes\"?><mapper xmlns=\"http://www.kony.com/ns/mapper\">          <map inputpath=\"response_in\" outputpath=\"response_out\">                    <map inputpath=\"\" outputpath=\"\">                                          <set-param inputpath=\"errorCode\" outputpath=\"errorCode\"/>                                         <set-param inputpath=\"errorMessage\" outputpath=\"errorMessage\"/>                             </map>              </map></mapper>",
    "iVisualMappingData" : "{\"nodeDataArray\":[{\"isGroup\":true,\"key\":\"request_in\",\"text\":\"User\",\"xy\":\"150 100\"},{\"isGroup\":true,\"key\":\"request_out\",\"text\":\"SCAUserOrchService (1.0).validateLostDevice\",\"xy\":\"770 100\"}],\"linkDataArray\":[{\"category\":\"Mapping\",\"visible\":true,\"from\":\"source:User:password:\",\"to\":\"target:password:\",\"fromPort\":\"source:User:password:\",\"toPort\":\"target:password:\"},{\"category\":\"Mapping\",\"visible\":true,\"from\":\"source:User:deviceId:\",\"to\":\"target:deviceId:\",\"fromPort\":\"source:User:deviceId:\",\"toPort\":\"target:deviceId:\"},{\"category\":\"Mapping\",\"visible\":true,\"from\":\"source:User:userid:\",\"to\":\"target:userid:\",\"fromPort\":\"source:User:userid:\",\"toPort\":\"target:userid:\"}],\"blockCount\":{\"variableCount\":0},\"variableMap\":{},\"xmlMappingOverride\":false}",
    "oVisualMappingData" : "{\"nodeDataArray\":[{\"isGroup\":true,\"key\":\"response_out\",\"text\":\"User\",\"xy\":\"770 100\"},{\"isGroup\":true,\"key\":\"response_in\",\"text\":\"SCAUserOrchService (1.0).validateLostDevice\",\"xy\":\"150 100\"}],\"linkDataArray\":[{\"from\":\"target\",\"to\":\"target:User\",\"fromPort\":\"target\",\"toPort\":\"target:User\",\"visible\":true,\"common\":false},{\"from\":\"target:User\",\"to\":\"target:User:fields\",\"fromPort\":\"target:User\",\"toPort\":\"target:User:fields\",\"visible\":true,\"common\":false},{\"from\":\"target:User:fields\",\"to\":\"target:User:userid:\",\"fromPort\":\"target:User:fields\",\"toPort\":\"target:User:userid:\",\"visible\":true,\"common\":false},{\"from\":\"target:User:fields\",\"to\":\"target:User:password:\",\"fromPort\":\"target:User:fields\",\"toPort\":\"target:User:password:\",\"visible\":true,\"common\":false},{\"from\":\"target:User:fields\",\"to\":\"target:User:id_token:\",\"fromPort\":\"target:User:fields\",\"toPort\":\"target:User:id_token:\",\"visible\":true,\"common\":false},{\"from\":\"target:User:fields\",\"to\":\"target:User:deviceId:\",\"fromPort\":\"target:User:fields\",\"toPort\":\"target:User:deviceId:\",\"visible\":true,\"common\":false},{\"from\":\"source\",\"to\":\"source:parameters\",\"fromPort\":\"source\",\"toPort\":\"source:parameters\",\"visible\":true,\"common\":false},{\"from\":\"source:parameters\",\"to\":\"source:deviceId:\",\"fromPort\":\"source:parameters\",\"toPort\":\"source:deviceId:\",\"visible\":true,\"common\":false},{\"from\":\"source:parameters\",\"to\":\"source:error_code:\",\"fromPort\":\"source:parameters\",\"toPort\":\"source:error_code:\",\"visible\":true,\"common\":false},{\"from\":\"source:parameters\",\"to\":\"source:error_code_1:\",\"fromPort\":\"source:parameters\",\"toPort\":\"source:error_code_1:\",\"visible\":true,\"common\":false},{\"from\":\"source:parameters\",\"to\":\"source:error_description:\",\"fromPort\":\"source:parameters\",\"toPort\":\"source:error_description:\",\"visible\":true,\"common\":false},{\"from\":\"source:parameters\",\"to\":\"source:id_token:\",\"fromPort\":\"source:parameters\",\"toPort\":\"source:id_token:\",\"visible\":true,\"common\":false}],\"blockCount\":{\"variableCount\":0},\"variableMap\":{},\"xmlMappingOverride\":true}",
    "applyCommonMapping" : false,
    "applyRequestCommonMapping" : false,
    "applyResponseCommonMapping" : false,
    "backendMeta" : {
      "serviceName" : "SCAUserOrchService",
      "serviceVersion" : "1.0",
      "operationName" : "validateLostDevice"
    },
    "relationshipHierarchyMapping" : {
      "children" : [ ],
      "name" : "User",
      "actions" : { },
      "selected" : true
    },
    "requestXmlMappingOverride" : false,
    "responseXmlMappingOverride" : true
  }
}