{
  "operationConfig" : {
    "name" : "searchUser3702",
    "type" : "MappedToBackend",
    "cachable" : false,
    "smsEnabled" : false,
    "security" : "authorized_app",
    "responseEncoding" : "UTF-8",
    "httpMethod" : "GET",
    "decodeResponseBody" : false,
    "iMapping" : "<?xml version=\"1.0\" encoding=\"UTF-8\" standalone=\"yes\"?><mapper xmlns=\"http://www.kony.com/ns/mapper\">  <map inputpath=\"request_in\" outputpath=\"request_out\">    <exec-function name=\"kony.string:concat\" output=\"$vars\" outputpath=\"userId\">      <set-arg name=\"input1\" input=\"externalId eq \"/>      <set-arg inputpath=\"userId\"/>    </exec-function>    <set-param inputpath=\"$vars/userId\" outputpath=\"filter\"/>  </map></mapper>",
    "oMapping" : "<?xml version=\"1.0\" encoding=\"UTF-8\" standalone=\"yes\"?><mapper xmlns=\"http://www.kony.com/ns/mapper\">          <map inputpath=\"response_in\" outputpath=\"response_out\">                   <map inputpath=\"devices\" outputpath=\"devices\">                               </map>          </map></mapper>",
    "iVisualMappingData" : "{\"nodeDataArray\":[{\"isGroup\":true,\"key\":\"request_in\",\"text\":\"Device\",\"xy\":\"150 100\"},{\"isGroup\":true,\"key\":\"request_out\",\"text\":\"SCAScimApis (1.0).searchUser\",\"xy\":\"770 100\"}],\"linkDataArray\":[{\"from\":\"source\",\"to\":\"source:Device\",\"fromPort\":\"source\",\"toPort\":\"source:Device\",\"visible\":true,\"common\":false},{\"from\":\"source:Device\",\"to\":\"source:Device:fields\",\"fromPort\":\"source:Device\",\"toPort\":\"source:Device:fields\",\"visible\":true,\"common\":false},{\"from\":\"source:Device:fields\",\"to\":\"source:Device:id:\",\"fromPort\":\"source:Device:fields\",\"toPort\":\"source:Device:id:\",\"visible\":true,\"common\":false},{\"from\":\"source:Device:fields\",\"to\":\"source:Device:userId:\",\"fromPort\":\"source:Device:fields\",\"toPort\":\"source:Device:userId:\",\"visible\":true,\"common\":false},{\"from\":\"source:Device:fields\",\"to\":\"source:Device:displayName:\",\"fromPort\":\"source:Device:fields\",\"toPort\":\"source:Device:displayName:\",\"visible\":true,\"common\":false},{\"from\":\"source:Device:fields\",\"to\":\"source:Device:friendlyName:\",\"fromPort\":\"source:Device:fields\",\"toPort\":\"source:Device:friendlyName:\",\"visible\":true,\"common\":false},{\"from\":\"target\",\"to\":\"target:parameters\",\"fromPort\":\"target\",\"toPort\":\"target:parameters\",\"visible\":true,\"common\":false},{\"from\":\"target:parameters\",\"to\":\"target:filter:\",\"fromPort\":\"target:parameters\",\"toPort\":\"target:filter:\",\"visible\":true,\"common\":false},{\"from\":\"target:parameters\",\"to\":\"target:schemas:\",\"fromPort\":\"target:parameters\",\"toPort\":\"target:schemas:\",\"visible\":true,\"common\":false}],\"blockCount\":{\"variableCount\":0},\"variableMap\":{},\"xmlMappingOverride\":true}",
    "oVisualMappingData" : "{\"nodeDataArray\":[{\"isGroup\":true,\"key\":\"response_out\",\"text\":\"Device\",\"xy\":\"770 100\"},{\"isGroup\":true,\"key\":\"response_in\",\"text\":\"SCAScimApis (1.0).searchUser\",\"xy\":\"150 100\"}],\"linkDataArray\":[{\"from\":\"target\",\"to\":\"target:Device\",\"fromPort\":\"target\",\"toPort\":\"target:Device\",\"visible\":true,\"common\":false},{\"from\":\"target:Device\",\"to\":\"target:Device:fields\",\"fromPort\":\"target:Device\",\"toPort\":\"target:Device:fields\",\"visible\":true,\"common\":false},{\"from\":\"target:Device:fields\",\"to\":\"target:Device:id:\",\"fromPort\":\"target:Device:fields\",\"toPort\":\"target:Device:id:\",\"visible\":true,\"common\":false},{\"from\":\"target:Device:fields\",\"to\":\"target:Device:userId:\",\"fromPort\":\"target:Device:fields\",\"toPort\":\"target:Device:userId:\",\"visible\":true,\"common\":false},{\"from\":\"target:Device:fields\",\"to\":\"target:Device:displayName:\",\"fromPort\":\"target:Device:fields\",\"toPort\":\"target:Device:displayName:\",\"visible\":true,\"common\":false},{\"from\":\"target:Device:fields\",\"to\":\"target:Device:friendlyName:\",\"fromPort\":\"target:Device:fields\",\"toPort\":\"target:Device:friendlyName:\",\"visible\":true,\"common\":false},{\"from\":\"source\",\"to\":\"source:parameters\",\"fromPort\":\"source\",\"toPort\":\"source:parameters\",\"visible\":true,\"common\":false},{\"from\":\"source:parameters\",\"to\":\"source:devices:\",\"fromPort\":\"source:parameters\",\"toPort\":\"source:devices:\",\"visible\":true,\"common\":false},{\"from\":\"source:parameters\",\"to\":\"source:scaUserId:\",\"fromPort\":\"source:parameters\",\"toPort\":\"source:scaUserId:\",\"visible\":true,\"common\":false},{\"from\":\"source:parameters\",\"to\":\"source:totalResults:\",\"fromPort\":\"source:parameters\",\"toPort\":\"source:totalResults:\",\"visible\":true,\"common\":false},{\"from\":\"source:parameters\",\"to\":\"source:userId:\",\"fromPort\":\"source:parameters\",\"toPort\":\"source:userId:\",\"visible\":true,\"common\":false},{\"from\":\"source:parameters\",\"to\":\"source:username:\",\"fromPort\":\"source:parameters\",\"toPort\":\"source:username:\",\"visible\":true,\"common\":false},{\"from\":\"source\",\"to\":\"source:authenticators\",\"fromPort\":\"source\",\"toPort\":\"source:authenticators\",\"visible\":true,\"common\":false},{\"from\":\"source:authenticators\",\"to\":\"source:authenticators:parameters\",\"fromPort\":\"source:authenticators\",\"toPort\":\"source:authenticators:parameters\",\"visible\":true,\"common\":false},{\"from\":\"source:authenticators:parameters\",\"to\":\"source:authenticators:code:\",\"fromPort\":\"source:authenticators:parameters\",\"toPort\":\"source:authenticators:code:\",\"visible\":true,\"common\":false}],\"blockCount\":{\"variableCount\":0},\"variableMap\":{},\"xmlMappingOverride\":true}",
    "applyCommonMapping" : false,
    "applyRequestCommonMapping" : false,
    "applyResponseCommonMapping" : false,
    "backendMeta" : {
      "serviceName" : "SCAScimApis",
      "serviceVersion" : "1.0",
      "operationName" : "searchUser"
    },
    "relationshipHierarchyMapping" : {
      "children" : [ ],
      "name" : "Device",
      "actions" : { },
      "selected" : true
    },
    "requestXmlMappingOverride" : true,
    "responseXmlMappingOverride" : true
  }
}