<?xml version="1.0" encoding="UTF-8" standalone="yes"?>
<service serviceGroup="" cachable="false" cacheduration="" description="" endpoint="default" groupType="" id="fetch" passwordencrypted="false" security="private" type="jsonConnector" smscode="" smsenabled="false">
    <service-config>
        <config-param api-version="" appid="" name="preprocessorname" value=""/>
        <config-param api-version="" appid="" name="postprocessorname" value=""/>
        <config-param api-version="" appid="" name="preprocessorJS" value=""/>
        <config-param api-version="" appid="" name="postprocessorJS" value=""/>
        <config-param api-version="" appid="" name="preprocessorRules" value=""/>
        <config-param api-version="" appid="" name="postprocessorRules" value=""/>
        <config-param api-version="" appid="" name="kony_http_supported_methods" value="POST"/>
        <config-param api-version="" appid="" name="endpointUrl" value="https://infinityga.konycloud.com/services/dbpProductServices/getCustomerIdentityAttributes"/>
        <config-param api-version="" appid="" name="ignorehttpproxy" value="true"/>
        <config-param api-version="" appid="" name="http.method" value="POST"/>
        <config-param api-version="" appid="" name="dataObjectName" value=""/>
        <config-param api-version="" appid="" name="sockettimeout" value=""/>
        <config-param api-version="" appid="" name="responseEncoding" value="UTF-8"/>
        <config-param api-version="" appid="" name="isembedxmlpresent" value="false"/>
        <config-param api-version="" appid="" name="retrycount" value="0"/>
        <config-param api-version="" appid="" name="jsonpath" value="true"/>
    </service-config>
    <service-input passthrough="false">
        <header datatype="" name="" passthrough="false">
            <param datatype="string" defaultvalue="" description="" encode="false" format="None" formatvalue="" name="X-Kony-Authorization" order="" paramOrder="0" parentOrder="0" sms-name="" src="request" sourcevalue="" srcformatvalue="" target="" targetdatatype="" testvalue="" value="">
                <accessType></accessType>
            </param>
        </header>
        <param datatype="string" defaultvalue="" description="" encode="true" format="None" formatvalue="" name="userName" order="" paramOrder="1" parentOrder="-1" passnull="false" sms-name="" src="request" sourcevalue="" srcformatvalue="" target="request" targetdatatype="java.lang.String" testvalue="dbpolbuser" value="">
            <accessType></accessType>
        </param>
        <template-param datatype="" defaultvalue="{&#10;  &quot;userName&quot;:$userName &#10;}" description="" encode="false" format="" formatvalue="" name="message" order="" paramOrder="0" parentOrder="0" sms-name="" src="" sourcevalue="" srcformatvalue="" target="" targetdatatype="" value="{&#10;  &quot;userName&quot;:$userName &#10;}">
            <accessType></accessType>
        </template-param>
        <stub-param value="{&#10; &quot;security_attributes&quot;: {&#10;  &quot;session_token&quot;: &quot;{{uuid()}}&quot;,&#10;  &quot;features&quot;: &quot;[\&quot;PERSONAL_FINANCE_MANAGEMENT\&quot;,\&quot;CHECK_MANAGEMENT\&quot;,\&quot;RESET_SECURITY_QUESTIONS\&quot;,\&quot;USERNAME_UPDATE\&quot;,\&quot;DOMESTIC_WIRE_TRANSFER\&quot;,\&quot;BILL_PAY\&quot;,\&quot;RDC\&quot;,\&quot;PROFILE_SETTINGS\&quot;,\&quot;ALERT_MANAGEMENT\&quot;,\&quot;MANAGE_E_STATEMENTS\&quot;,\&quot;MESSAGES\&quot;,\&quot;ACCOUNT_SETTINGS\&quot;,\&quot;LOGIN\&quot;,\&quot;TRANSACTION_MANAGEMENT\&quot;,\&quot;APPLICANT_MANAGEMENT\&quot;,\&quot;INTRA_BANK_FUND_TRANSFER\&quot;,\&quot;PAY_MULTIPLE_BENEFICIARIES\&quot;,\&quot;INTERNATIONAL_ACCOUNT_FUND_TRANSFER\&quot;,\&quot;PAYEE_MANAGEMENT\&quot;,\&quot;ACCOUNT_AGGREGATION\&quot;,\&quot;P2P\&quot;,\&quot;CARD_MANAGEMENT\&quot;,\&quot;NOTIFICATION\&quot;,\&quot;TRANSFER_BETWEEN_OWN_ACCOUNT\&quot;,\&quot;INTERNATIONAL_WIRE_TRANSFER\&quot;,\&quot;PASSWORD_UPDATE\&quot;,\&quot;NAO\&quot;,\&quot;INTER_BANK_ACCOUNT_FUND_TRANSFER\&quot;,\&quot;FEEDBACK\&quot;]&quot;,&#10;  &quot;permissions&quot;: &quot;[\&quot;NOTIFICATION_UPDATE\&quot;,\&quot;BILL_PAY_DEACTIVATE\&quot;,\&quot;DOMESTIC_WIRE_TRANSFER_UPDATE_BULK_TEMPLATES\&quot;,\&quot;DOMESTIC_WIRE_TRANSFER_UPLOAD_BULK_FILES\&quot;,\&quot;LOGIN\&quot;,\&quot;PAYEE_MANAGEMENT_VIEW\&quot;,\&quot;TRANSFER_BETWEEN_OWN_ACCOUNT_VIEW_RECEPIENT\&quot;,\&quot;P2P_ACTIVATE\&quot;,\&quot;INTERNATIONAL_ACCOUNT_FUND_TRANSFER_VIEW_RECEPIENT\&quot;,\&quot;ADD_EXTERNAL_ACCOUNT\&quot;,\&quot;INTERNATIONAL_ACCOUNT_FUND_TRANSFER_CREATE\&quot;,\&quot;DOMESTIC_WIRE_TRANSFER_VIEW_BULK_FILES\&quot;,\&quot;INTRA_BANK_FUND_TRANSFER_VIEW\&quot;,\&quot;INTERNATIONAL_WIRE_TRANSFER_CREATE_RECEPIENT\&quot;,\&quot;BILL_PAY_BULK\&quot;,\&quot;INTRA_BANK_FUND_TRANSFER_CREATE_RECEPIENT\&quot;,\&quot;DOMESTIC_WIRE_TRANSFER_CREATE\&quot;,\&quot;P2P_CREATE_RECEPIENT\&quot;,\&quot;P2P_MANAGE_SETTINGS\&quot;,\&quot;CARD_MANAGEMENT_CHANGE_PIN\&quot;,\&quot;INTERNATIONAL_WIRE_TRANSFER_UPDATE_BULK_TEMPLATES\&quot;,\&quot;INTERNATIONAL_WIRE_TRANSFER_DELETE_RECEPIENT\&quot;,\&quot;NOTIFICATION_VIEW\&quot;,\&quot;RDC\&quot;,\&quot;INTERNATIONAL_WIRE_TRANSFER_UPLOAD_BULK_FILES\&quot;,\&quot;BILL_PAY_DELETE_PAYEES\&quot;,\&quot;CARD_MANAGEMENT_REPLACE_CARD\&quot;,\&quot;DOMESTIC_WIRE_TRANSFER_VIEW\&quot;,\&quot;TRANSACTION_MANAGEMENT_DELETE\&quot;,\&quot;CARD_MANAGEMENT_LOCK_CARD\&quot;,\&quot;PAYEE_MANAGEMENT_DELETE\&quot;,\&quot;PAY_MULTIPLE_BENEFICIARIES_CREATE_TRANSFER\&quot;,\&quot;INTERNATIONAL_WIRE_TRANSFER_VIEW\&quot;,\&quot;BILL_PAY_VIEW_PAYEES\&quot;,\&quot;PAYEE_MANAGEMENT_EDIT\&quot;,\&quot;MESSAGES_CREATE\&quot;,\&quot;TRANSFER_BETWEEN_OWN_ACCOUNT_DELETE_RECEPIENT\&quot;,\&quot;MESSAGES_REPLY\&quot;,\&quot;BILL_PAY_ACTIVATE\&quot;,\&quot;CARD_MANAGEMENT_PARTIAL_UPDATE\&quot;,\&quot;P2P_DELETE_RECEPIENT\&quot;,\&quot;PERSONAL_FINANCE_MANAGEMENT\&quot;,\&quot;CHECK_MANAGEMENT\&quot;,\&quot;P2P_DEACTIVATE\&quot;,\&quot;MANAGE_EXTERNAL_ACCOUNT\&quot;,\&quot;ALERT_MANAGEMENT\&quot;,\&quot;BILL_PAY_VIEW_PAYMENTS\&quot;,\&quot;MANAGE_E_STATEMENTS\&quot;,\&quot;INTERNATIONAL_WIRE_TRANSFER_VIEW_BULK_TEMPLATES\&quot;,\&quot;CHECK_MANAGEMENT_VIEW_DISPUTED_CHECKS\&quot;,\&quot;CARD_MANAGEMENT_CREATE_CARD_REQUEST\&quot;,\&quot;DOMESTIC_WIRE_TRANSFER_VIEW_RECEPIENT\&quot;,\&quot;INTER_BANK_ACCOUNT_FUND_TRANSFER_DELETE_RECEPIENT\&quot;,\&quot;ACCOUNT_SETTINGS_EDIT\&quot;,\&quot;BILL_PAY_CREATE\&quot;,\&quot;INTRA_BANK_FUND_TRANSFER_VIEW_RECEPIENT\&quot;,\&quot;MESSAGES_VIEW\&quot;,\&quot;DOMESTIC_WIRE_TRANSFER_VIEW_BULK_TEMPLATES\&quot;,\&quot;INTERNATIONAL_ACCOUNT_FUND_TRANSFER_DELETE_RECEPIENT\&quot;,\&quot;BILL_PAY_ACTIVATE_OR_DEACTIVATE\&quot;,\&quot;BILL_PAY_VIEW\&quot;,\&quot;INTRA_BANK_FUND_TRANSFER_DELETE_RECEPIENT\&quot;,\&quot;P2P_VIEW\&quot;,\&quot;INTER_BANK_ACCOUNT_FUND_TRANSFER_VIEW\&quot;,\&quot;DOMESTIC_WIRE_TRANSFER_CREATE_RECEPIENT\&quot;,\&quot;DOMESTIC_WIRE_TRANSFER_DELETE_BULK_TEMPLATES\&quot;,\&quot;PAYEE_MANAGEMENT_CREATE\&quot;,\&quot;INTERNATIONAL_WIRE_TRANSFER_CREATE\&quot;,\&quot;CARD_MANAGEMENT\&quot;,\&quot;FEEDBACK_SUBMIT\&quot;,\&quot;P2P_VIEW_RECEPIENT\&quot;,\&quot;INTER_BANK_ACCOUNT_FUND_TRANSFER_VIEW_RECEPIENT\&quot;,\&quot;CARD_MANAGEMENT_CANCEL_CARD\&quot;,\&quot;P2P_CREATE\&quot;,\&quot;INTERNATIONAL_WIRE_TRANSFER_VIEW_BULK_FILES\&quot;,\&quot;PROFILE_SETTINGS_VIEW\&quot;,\&quot;CARD_MANAGEMENT_REPORT_CARD_STOLEN\&quot;,\&quot;INTERNATIONAL_WIRE_TRANSFER_VIEW_RECEPIENT\&quot;,\&quot;DOMESTIC_WIRE_TRANSFER_DELETE_RECEPIENT\&quot;,\&quot;OPEN_NEW_ACCOUNT\&quot;,\&quot;RESET_SECURITY_QUESTIONS\&quot;,\&quot;USERNAME_UPDATE\&quot;,\&quot;INTERNATIONAL_ACCOUNT_FUND_TRANSFER_CREATE_RECEPIENT\&quot;,\&quot;INTRA_BANK_FUND_TRANSFER_CREATE\&quot;,\&quot;PROFILE_SETTINGS_UPDATE\&quot;,\&quot;TRANSFER_BETWEEN_OWN_ACCOUNT_VIEW\&quot;,\&quot;MESSAGES_DELETE\&quot;,\&quot;INTER_BANK_ACCOUNT_FUND_TRANSFER_CREATE_RECEPIENT\&quot;,\&quot;BILL_PAY_ACTIVATE_EBILL\&quot;,\&quot;TRANSFER_BETWEEN_OWN_ACCOUNT_CREATE_RECEPIENT\&quot;,\&quot;TRANSFER_BETWEEN_OWN_ACCOUNT_CREATE\&quot;,\&quot;CHECK_MANAGEMENT_ADD_STOP_CHECK_REQUEST\&quot;,\&quot;INTERNATIONAL_WIRE_TRANSFER_DELETE_BULK_TEMPLATES\&quot;,\&quot;INTER_BANK_ACCOUNT_FUND_TRANSFER_CREATE\&quot;,\&quot;CARD_MANAGEMENT_UNLOCK_CARD\&quot;,\&quot;INTERNATIONAL_ACCOUNT_FUND_TRANSFER_VIEW\&quot;,\&quot;APPLICANT_MANAGEMENT_CREATE\&quot;,\&quot;PASSWORD_UPDATE\&quot;,\&quot;ACCOUNT_SETTINGS_VIEW\&quot;,\&quot;BILL_PAY_CREATE_PAYEES\&quot;,\&quot;BILL_PAY_DEACTIVATE_EBILL\&quot;]&quot;&#10; },&#10; &quot;opstatus&quot;: 0,&#10; &quot;user_attributes&quot;: {&#10;  &quot;country&quot;: &quot;{{country()}}&quot;,&#10;  &quot;zipCode&quot;: &quot;22182&quot;,&#10;  &quot;areAccountStatementTermsAccepted&quot;: &quot;0&quot;,&#10;  &quot;isCombinedUser&quot;: &quot;false&quot;,&#10;  &quot;isSuperAdmin&quot;: &quot;false&quot;,&#10;  &quot;default_to_account_p2p&quot;: &quot;190128223241502&quot;,&#10;  &quot;Lastlogintime&quot;: &quot;2020-08-16T00:00:00&quot;,&#10;  &quot;default_account_billPay&quot;: &quot;190128223241502&quot;,&#10;  &quot;ssn&quot;: &quot;{{ssn()}}&quot;,&#10;  &quot;isPinSet&quot;: &quot;false&quot;,&#10;  &quot;createdby&quot;: &quot;Kony User&quot;,&#10;  &quot;userLastName&quot;: &quot;Bailey&quot;,&#10;  &quot;IDType_id&quot;: &quot;ID_DRIVING_LICENSE&quot;,&#10;  &quot;addressLine1&quot;: &quot;1934 Old Gallows Road&quot;,&#10;  &quot;areUserAlertsTurnedOn&quot;: &quot;false&quot;,&#10;  &quot;addressLine2&quot;: &quot;#350&quot;,&#10;  &quot;state&quot;: &quot;VA\t&quot;,&#10;  &quot;id&quot;: &quot;{{uuid()}}&quot;,&#10;  &quot;default_account_payments&quot;: &quot;190128223242830&quot;,&#10;  &quot;synctimestamp&quot;: &quot;2019-01-29 14:14:52.0&quot;,&#10;  &quot;noofdependents&quot;: &quot;0&quot;,&#10;  &quot;DateOfBirth&quot;: &quot;1985-05-05&quot;,&#10;  &quot;IsAssistConsented&quot;: &quot;true&quot;,&#10;  &quot;userFirstName&quot;: &quot;John&quot;,&#10;  &quot;IsOlbAllowed&quot;: &quot;false&quot;,&#10;  &quot;user_id&quot;: &quot;{{long(1000000000,2000000000)}}&quot;,&#10;  &quot;showBillPayFromAccPopup&quot;: &quot;true&quot;,&#10;  &quot;IsPhoneEnabled&quot;: &quot;false&quot;,&#10;  &quot;modifiedby&quot;: &quot;Kony Dev&quot;,&#10;  &quot;LastName&quot;: &quot;Bailey&quot;,&#10;  &quot;isWireTransferEligible&quot;: &quot;1&quot;,&#10;  &quot;default_account_wire&quot;: &quot;190128223242830&quot;,&#10;  &quot;default_from_account_p2p&quot;: &quot;190128223241502&quot;,&#10;  &quot;isCSRAssistMode&quot;: &quot;false&quot;,&#10;  &quot;City_id&quot;: &quot;CITY1318&quot;,&#10;  &quot;Region_id&quot;: &quot;US-NY&quot;,&#10;  &quot;latitude&quot;: &quot;40.7128&quot;,&#10;  &quot;default_account_transfers&quot;: &quot;190128223242830&quot;,&#10;  &quot;backendIdentifiers&quot;: &quot;{\&quot;CORE\&quot;:[{\&quot;sequence_number\&quot;:\&quot;2\&quot;,\&quot;identifier_name\&quot;:\&quot;customer_id\&quot;,\&quot;BackendId\&quot;:\&quot;190556\&quot;}],\&quot;PARTY\&quot;:[{\&quot;sequence_number\&quot;:\&quot;1\&quot;,\&quot;identifier_name\&quot;:\&quot;customer_id\&quot;,\&quot;BackendId\&quot;:\&quot;2009521090\&quot;}],\&quot;CIF\&quot;:[{\&quot;BackendId\&quot;:\&quot;20200309CIF\&quot;}],\&quot;T24\&quot;:[{\&quot;sequence_number\&quot;:\&quot;1\&quot;,\&quot;identifier_name\&quot;:\&quot;customerId\&quot;,\&quot;BackendId\&quot;:\&quot;190556\&quot;}],\&quot;CAMP\&quot;:[{\&quot;BackendId\&quot;:\&quot;1002496540\&quot;}]}&quot;,&#10;  &quot;createdts&quot;: &quot;2019-01-29 14:14:52.0&quot;,&#10;  &quot;lastlogintime&quot;: &quot;2020-08-16T00:00:00&quot;,&#10;  &quot;IDState&quot;: &quot;Texas&quot;,&#10;  &quot;softdeleteflag&quot;: &quot;false&quot;,&#10;  &quot;IsStaffMember&quot;: &quot;false&quot;,&#10;  &quot;customerTypeId&quot;: &quot;TYPE_ID_RETAIL&quot;,&#10;  &quot;IsCoreIdentityScope&quot;: &quot;&quot;,&#10;  &quot;cityName&quot;: &quot;Vienna&quot;,&#10;  &quot;CurrentLoginTime&quot;: &quot;2020-08-21&quot;,&#10;  &quot;IDCountry&quot;: &quot;USA&quot;,&#10;  &quot;CustomerType_id&quot;: &quot;TYPE_ID_RETAIL&quot;,&#10;  &quot;isEnrolled&quot;: &quot;true&quot;,&#10;  &quot;CountryCode&quot;: &quot;United States of America&quot;,&#10;  &quot;default_account_deposit&quot;: &quot;190128223241502&quot;,&#10;  &quot;first_name&quot;: &quot;John&quot;,&#10;  &quot;lastmodifiedts&quot;: &quot;2019-01-29 14:14:52.0&quot;,&#10;  &quot;isBillPayActivated&quot;: &quot;1&quot;,&#10;  &quot;UserName&quot;: &quot;{{requestBody(&quot;userName&quot;)}}&quot;,&#10;  &quot;Status_id&quot;: &quot;SID_CUS_ACTIVE&quot;,&#10;  &quot;IsEmailEnabled&quot;: &quot;true&quot;,&#10;  &quot;IDIssueDate&quot;: &quot;1993-04-23&quot;,&#10;  &quot;isBillPaySupported&quot;: &quot;1&quot;,&#10;  &quot;default_account_cardless&quot;: &quot;190128223241502&quot;,&#10;  &quot;isPreferredAddress&quot;: &quot;true&quot;,&#10;  &quot;isP2PSupported&quot;: &quot;1&quot;,&#10;  &quot;logitude&quot;: &quot;74.0060&quot;,&#10;  &quot;IDExpiryDate&quot;: &quot;2023-01-01&quot;,&#10;  &quot;areDepositTermsAccepted&quot;: &quot;0&quot;,&#10;  &quot;isP2PActivated&quot;: &quot;1&quot;,&#10;  &quot;customer_id&quot;: &quot;1002496540&quot;,&#10;  &quot;Bank_id&quot;: &quot;1&quot;&#10; },&#10; &quot;httpStatusCode&quot;: 0&#10;}"/>
    </service-input>
    <service-output passthrough="false">
        <record id="security_attributes" order="" paramOrder="1" parentOrder="0" src="$.security_attributes">
            <param datatype="string" defaultvalue="" description="" encode="true" format="None" formatvalue="" name="session_token" order="" paramOrder="2" parentOrder="1" passnull="false" sms-name="" src="session_token" sourcevalue="" srcformatvalue="" target="response" targetdatatype="java.lang.String" testvalue="" value="">
                <accessType></accessType>
            </param>
            <param datatype="string" defaultvalue="" description="" encode="true" format="None" formatvalue="" name="features" order="" paramOrder="3" parentOrder="1" passnull="false" sms-name="" src="features" sourcevalue="" srcformatvalue="" target="response" targetdatatype="java.lang.String" testvalue="" value="">
                <accessType></accessType>
            </param>
            <param datatype="string" defaultvalue="" description="" encode="true" format="None" formatvalue="" name="permissions" order="" paramOrder="4" parentOrder="1" passnull="false" sms-name="" src="permissions" sourcevalue="" srcformatvalue="" target="response" targetdatatype="java.lang.String" testvalue="" value="">
                <accessType></accessType>
            </param>
        </record>
        <record id="user_attributes" order="" paramOrder="5" parentOrder="0" src="$.user_attributes">
            <param datatype="string" defaultvalue="" description="" encode="true" format="None" formatvalue="" name="country" order="" paramOrder="6" parentOrder="5" passnull="false" sms-name="" src="country" sourcevalue="" srcformatvalue="" target="response" targetdatatype="java.lang.String" testvalue="" value="">
                <accessType></accessType>
            </param>
            <param datatype="string" defaultvalue="" description="" encode="true" format="None" formatvalue="" name="zipCode" order="" paramOrder="7" parentOrder="5" passnull="false" sms-name="" src="zipCode" sourcevalue="" srcformatvalue="" target="response" targetdatatype="java.lang.String" testvalue="" value="">
                <accessType></accessType>
            </param>
            <param datatype="string" defaultvalue="" description="" encode="true" format="None" formatvalue="" name="areAccountStatementTermsAccepted" order="" paramOrder="8" parentOrder="5" passnull="false" sms-name="" src="areAccountStatementTermsAccepted" sourcevalue="" srcformatvalue="" target="response" targetdatatype="java.lang.String" testvalue="" value="">
                <accessType></accessType>
            </param>
            <param datatype="string" defaultvalue="" description="" encode="true" format="None" formatvalue="" name="isCombinedUser" order="" paramOrder="9" parentOrder="5" passnull="false" sms-name="" src="isCombinedUser" sourcevalue="" srcformatvalue="" target="response" targetdatatype="java.lang.String" testvalue="" value="">
                <accessType></accessType>
            </param>
            <param datatype="string" defaultvalue="" description="" encode="true" format="None" formatvalue="" name="isSuperAdmin" order="" paramOrder="10" parentOrder="5" passnull="false" sms-name="" src="isSuperAdmin" sourcevalue="" srcformatvalue="" target="response" targetdatatype="java.lang.String" testvalue="" value="">
                <accessType></accessType>
            </param>
            <param datatype="string" defaultvalue="" description="" encode="true" format="None" formatvalue="" name="default_to_account_p2p" order="" paramOrder="11" parentOrder="5" passnull="false" sms-name="" src="default_to_account_p2p" sourcevalue="" srcformatvalue="" target="response" targetdatatype="java.lang.String" testvalue="" value="">
                <accessType></accessType>
            </param>
            <param datatype="string" defaultvalue="" description="" encode="true" format="None" formatvalue="" name="Lastlogintime" order="" paramOrder="12" parentOrder="5" passnull="false" sms-name="" src="Lastlogintime" sourcevalue="" srcformatvalue="" target="response" targetdatatype="java.lang.String" testvalue="" value="">
                <accessType></accessType>
            </param>
            <param datatype="string" defaultvalue="" description="" encode="true" format="None" formatvalue="" name="default_account_billPay" order="" paramOrder="13" parentOrder="5" passnull="false" sms-name="" src="default_account_billPay" sourcevalue="" srcformatvalue="" target="response" targetdatatype="java.lang.String" testvalue="" value="">
                <accessType></accessType>
            </param>
            <param datatype="string" defaultvalue="" description="" encode="true" format="None" formatvalue="" name="ssn" order="" paramOrder="14" parentOrder="5" passnull="false" sms-name="" src="ssn" sourcevalue="" srcformatvalue="" target="response" targetdatatype="java.lang.String" testvalue="" value="">
                <accessType></accessType>
            </param>
            <param datatype="string" defaultvalue="" description="" encode="true" format="None" formatvalue="" name="isPinSet" order="" paramOrder="15" parentOrder="5" passnull="false" sms-name="" src="isPinSet" sourcevalue="" srcformatvalue="" target="response" targetdatatype="java.lang.String" testvalue="" value="">
                <accessType></accessType>
            </param>
            <param datatype="string" defaultvalue="" description="" encode="true" format="None" formatvalue="" name="createdby" order="" paramOrder="16" parentOrder="5" passnull="false" sms-name="" src="createdby" sourcevalue="" srcformatvalue="" target="response" targetdatatype="java.lang.String" testvalue="" value="">
                <accessType></accessType>
            </param>
            <param datatype="string" defaultvalue="" description="" encode="true" format="None" formatvalue="" name="userLastName" order="" paramOrder="17" parentOrder="5" passnull="false" sms-name="" src="userLastName" sourcevalue="" srcformatvalue="" target="response" targetdatatype="java.lang.String" testvalue="" value="">
                <accessType></accessType>
            </param>
            <param datatype="string" defaultvalue="" description="" encode="true" format="None" formatvalue="" name="IDType_id" order="" paramOrder="18" parentOrder="5" passnull="false" sms-name="" src="IDType_id" sourcevalue="" srcformatvalue="" target="response" targetdatatype="java.lang.String" testvalue="" value="">
                <accessType></accessType>
            </param>
            <param datatype="string" defaultvalue="" description="" encode="true" format="None" formatvalue="" name="addressLine1" order="" paramOrder="19" parentOrder="5" passnull="false" sms-name="" src="addressLine1" sourcevalue="" srcformatvalue="" target="response" targetdatatype="java.lang.String" testvalue="" value="">
                <accessType></accessType>
            </param>
            <param datatype="string" defaultvalue="" description="" encode="true" format="None" formatvalue="" name="areUserAlertsTurnedOn" order="" paramOrder="20" parentOrder="5" passnull="false" sms-name="" src="areUserAlertsTurnedOn" sourcevalue="" srcformatvalue="" target="response" targetdatatype="java.lang.String" testvalue="" value="">
                <accessType></accessType>
            </param>
            <param datatype="string" defaultvalue="" description="" encode="true" format="None" formatvalue="" name="addressLine2" order="" paramOrder="21" parentOrder="5" passnull="false" sms-name="" src="addressLine2" sourcevalue="" srcformatvalue="" target="response" targetdatatype="java.lang.String" testvalue="" value="">
                <accessType></accessType>
            </param>
            <param datatype="string" defaultvalue="" description="" encode="true" format="None" formatvalue="" name="state" order="" paramOrder="22" parentOrder="5" passnull="false" sms-name="" src="state" sourcevalue="" srcformatvalue="" target="response" targetdatatype="java.lang.String" testvalue="" value="">
                <accessType></accessType>
            </param>
            <param datatype="string" defaultvalue="" description="" encode="true" format="None" formatvalue="" name="id" order="" paramOrder="23" parentOrder="5" passnull="false" sms-name="" src="id" sourcevalue="" srcformatvalue="" target="response" targetdatatype="java.lang.String" testvalue="" value="">
                <accessType></accessType>
            </param>
            <param datatype="string" defaultvalue="" description="" encode="true" format="None" formatvalue="" name="default_account_payments" order="" paramOrder="24" parentOrder="5" passnull="false" sms-name="" src="default_account_payments" sourcevalue="" srcformatvalue="" target="response" targetdatatype="java.lang.String" testvalue="" value="">
                <accessType></accessType>
            </param>
            <param datatype="string" defaultvalue="" description="" encode="true" format="None" formatvalue="" name="synctimestamp" order="" paramOrder="25" parentOrder="5" passnull="false" sms-name="" src="synctimestamp" sourcevalue="" srcformatvalue="" target="response" targetdatatype="java.lang.String" testvalue="" value="">
                <accessType></accessType>
            </param>
            <param datatype="string" defaultvalue="" description="" encode="true" format="None" formatvalue="" name="noofdependents" order="" paramOrder="26" parentOrder="5" passnull="false" sms-name="" src="noofdependents" sourcevalue="" srcformatvalue="" target="response" targetdatatype="java.lang.String" testvalue="" value="">
                <accessType></accessType>
            </param>
            <param datatype="string" defaultvalue="" description="" encode="true" format="None" formatvalue="" name="DateOfBirth" order="" paramOrder="27" parentOrder="5" passnull="false" sms-name="" src="DateOfBirth" sourcevalue="" srcformatvalue="" target="response" targetdatatype="java.lang.String" testvalue="" value="">
                <accessType></accessType>
            </param>
            <param datatype="string" defaultvalue="" description="" encode="true" format="None" formatvalue="" name="IsAssistConsented" order="" paramOrder="28" parentOrder="5" passnull="false" sms-name="" src="IsAssistConsented" sourcevalue="" srcformatvalue="" target="response" targetdatatype="java.lang.String" testvalue="" value="">
                <accessType></accessType>
            </param>
            <param datatype="string" defaultvalue="" description="" encode="true" format="None" formatvalue="" name="userFirstName" order="" paramOrder="29" parentOrder="5" passnull="false" sms-name="" src="userFirstName" sourcevalue="" srcformatvalue="" target="response" targetdatatype="java.lang.String" testvalue="" value="">
                <accessType></accessType>
            </param>
            <param datatype="string" defaultvalue="" description="" encode="true" format="None" formatvalue="" name="IsOlbAllowed" order="" paramOrder="30" parentOrder="5" passnull="false" sms-name="" src="IsOlbAllowed" sourcevalue="" srcformatvalue="" target="response" targetdatatype="java.lang.String" testvalue="" value="">
                <accessType></accessType>
            </param>
            <param datatype="string" defaultvalue="" description="" encode="true" format="None" formatvalue="" name="user_id" order="" paramOrder="31" parentOrder="5" passnull="false" sms-name="" src="user_id" sourcevalue="" srcformatvalue="" target="response" targetdatatype="java.lang.String" testvalue="" value="">
                <accessType></accessType>
            </param>
            <param datatype="string" defaultvalue="" description="" encode="true" format="None" formatvalue="" name="showBillPayFromAccPopup" order="" paramOrder="32" parentOrder="5" passnull="false" sms-name="" src="showBillPayFromAccPopup" sourcevalue="" srcformatvalue="" target="response" targetdatatype="java.lang.String" testvalue="" value="">
                <accessType></accessType>
            </param>
            <param datatype="string" defaultvalue="" description="" encode="true" format="None" formatvalue="" name="IsPhoneEnabled" order="" paramOrder="33" parentOrder="5" passnull="false" sms-name="" src="IsPhoneEnabled" sourcevalue="" srcformatvalue="" target="response" targetdatatype="java.lang.String" testvalue="" value="">
                <accessType></accessType>
            </param>
            <param datatype="string" defaultvalue="" description="" encode="true" format="None" formatvalue="" name="modifiedby" order="" paramOrder="34" parentOrder="5" passnull="false" sms-name="" src="modifiedby" sourcevalue="" srcformatvalue="" target="response" targetdatatype="java.lang.String" testvalue="" value="">
                <accessType></accessType>
            </param>
            <param datatype="string" defaultvalue="" description="" encode="true" format="None" formatvalue="" name="LastName" order="" paramOrder="35" parentOrder="5" passnull="false" sms-name="" src="LastName" sourcevalue="" srcformatvalue="" target="response" targetdatatype="java.lang.String" testvalue="" value="">
                <accessType></accessType>
            </param>
            <param datatype="string" defaultvalue="" description="" encode="true" format="None" formatvalue="" name="isWireTransferEligible" order="" paramOrder="36" parentOrder="5" passnull="false" sms-name="" src="isWireTransferEligible" sourcevalue="" srcformatvalue="" target="response" targetdatatype="java.lang.String" testvalue="" value="">
                <accessType></accessType>
            </param>
            <param datatype="string" defaultvalue="" description="" encode="true" format="None" formatvalue="" name="default_account_wire" order="" paramOrder="37" parentOrder="5" passnull="false" sms-name="" src="default_account_wire" sourcevalue="" srcformatvalue="" target="response" targetdatatype="java.lang.String" testvalue="" value="">
                <accessType></accessType>
            </param>
            <param datatype="string" defaultvalue="" description="" encode="true" format="None" formatvalue="" name="default_from_account_p2p" order="" paramOrder="38" parentOrder="5" passnull="false" sms-name="" src="default_from_account_p2p" sourcevalue="" srcformatvalue="" target="response" targetdatatype="java.lang.String" testvalue="" value="">
                <accessType></accessType>
            </param>
            <param datatype="string" defaultvalue="" description="" encode="true" format="None" formatvalue="" name="isCSRAssistMode" order="" paramOrder="39" parentOrder="5" passnull="false" sms-name="" src="isCSRAssistMode" sourcevalue="" srcformatvalue="" target="response" targetdatatype="java.lang.String" testvalue="" value="">
                <accessType></accessType>
            </param>
            <param datatype="string" defaultvalue="" description="" encode="true" format="None" formatvalue="" name="City_id" order="" paramOrder="40" parentOrder="5" passnull="false" sms-name="" src="City_id" sourcevalue="" srcformatvalue="" target="response" targetdatatype="java.lang.String" testvalue="" value="">
                <accessType></accessType>
            </param>
            <param datatype="string" defaultvalue="" description="" encode="true" format="None" formatvalue="" name="Region_id" order="" paramOrder="41" parentOrder="5" passnull="false" sms-name="" src="Region_id" sourcevalue="" srcformatvalue="" target="response" targetdatatype="java.lang.String" testvalue="" value="">
                <accessType></accessType>
            </param>
            <param datatype="string" defaultvalue="" description="" encode="true" format="None" formatvalue="" name="latitude" order="" paramOrder="42" parentOrder="5" passnull="false" sms-name="" src="latitude" sourcevalue="" srcformatvalue="" target="response" targetdatatype="java.lang.String" testvalue="" value="">
                <accessType></accessType>
            </param>
            <param datatype="string" defaultvalue="" description="" encode="true" format="None" formatvalue="" name="default_account_transfers" order="" paramOrder="43" parentOrder="5" passnull="false" sms-name="" src="default_account_transfers" sourcevalue="" srcformatvalue="" target="response" targetdatatype="java.lang.String" testvalue="" value="">
                <accessType></accessType>
            </param>
            <param datatype="string" defaultvalue="" description="" encode="true" format="None" formatvalue="" name="backendIdentifiers" order="" paramOrder="44" parentOrder="5" passnull="false" sms-name="" src="backendIdentifiers" sourcevalue="" srcformatvalue="" target="response" targetdatatype="java.lang.String" testvalue="" value="">
                <accessType></accessType>
            </param>
            <param datatype="string" defaultvalue="" description="" encode="true" format="None" formatvalue="" name="createdts" order="" paramOrder="45" parentOrder="5" passnull="false" sms-name="" src="createdts" sourcevalue="" srcformatvalue="" target="response" targetdatatype="java.lang.String" testvalue="" value="">
                <accessType></accessType>
            </param>
            <param datatype="string" defaultvalue="" description="" encode="true" format="None" formatvalue="" name="lastlogintime" order="" paramOrder="46" parentOrder="5" passnull="false" sms-name="" src="lastlogintime" sourcevalue="" srcformatvalue="" target="response" targetdatatype="java.lang.String" testvalue="" value="">
                <accessType></accessType>
            </param>
            <param datatype="string" defaultvalue="" description="" encode="true" format="None" formatvalue="" name="IDState" order="" paramOrder="47" parentOrder="5" passnull="false" sms-name="" src="IDState" sourcevalue="" srcformatvalue="" target="response" targetdatatype="java.lang.String" testvalue="" value="">
                <accessType></accessType>
            </param>
            <param datatype="string" defaultvalue="" description="" encode="true" format="None" formatvalue="" name="softdeleteflag" order="" paramOrder="48" parentOrder="5" passnull="false" sms-name="" src="softdeleteflag" sourcevalue="" srcformatvalue="" target="response" targetdatatype="java.lang.String" testvalue="" value="">
                <accessType></accessType>
            </param>
            <param datatype="string" defaultvalue="" description="" encode="true" format="None" formatvalue="" name="IsStaffMember" order="" paramOrder="49" parentOrder="5" passnull="false" sms-name="" src="IsStaffMember" sourcevalue="" srcformatvalue="" target="response" targetdatatype="java.lang.String" testvalue="" value="">
                <accessType></accessType>
            </param>
            <param datatype="string" defaultvalue="" description="" encode="true" format="None" formatvalue="" name="customerTypeId" order="" paramOrder="50" parentOrder="5" passnull="false" sms-name="" src="customerTypeId" sourcevalue="" srcformatvalue="" target="response" targetdatatype="java.lang.String" testvalue="" value="">
                <accessType></accessType>
            </param>
            <param datatype="string" defaultvalue="" description="" encode="true" format="None" formatvalue="" name="IsCoreIdentityScope" order="" paramOrder="51" parentOrder="5" passnull="false" sms-name="" src="IsCoreIdentityScope" sourcevalue="" srcformatvalue="" target="response" targetdatatype="java.lang.String" testvalue="" value="">
                <accessType></accessType>
            </param>
            <param datatype="string" defaultvalue="" description="" encode="true" format="None" formatvalue="" name="cityName" order="" paramOrder="52" parentOrder="5" passnull="false" sms-name="" src="cityName" sourcevalue="" srcformatvalue="" target="response" targetdatatype="java.lang.String" testvalue="" value="">
                <accessType></accessType>
            </param>
            <param datatype="string" defaultvalue="" description="" encode="true" format="None" formatvalue="" name="CurrentLoginTime" order="" paramOrder="53" parentOrder="5" passnull="false" sms-name="" src="CurrentLoginTime" sourcevalue="" srcformatvalue="" target="response" targetdatatype="java.lang.String" testvalue="" value="">
                <accessType></accessType>
            </param>
            <param datatype="string" defaultvalue="" description="" encode="true" format="None" formatvalue="" name="IDCountry" order="" paramOrder="54" parentOrder="5" passnull="false" sms-name="" src="IDCountry" sourcevalue="" srcformatvalue="" target="response" targetdatatype="java.lang.String" testvalue="" value="">
                <accessType></accessType>
            </param>
            <param datatype="string" defaultvalue="" description="" encode="true" format="None" formatvalue="" name="CustomerType_id" order="" paramOrder="55" parentOrder="5" passnull="false" sms-name="" src="CustomerType_id" sourcevalue="" srcformatvalue="" target="response" targetdatatype="java.lang.String" testvalue="" value="">
                <accessType></accessType>
            </param>
            <param datatype="string" defaultvalue="" description="" encode="true" format="None" formatvalue="" name="isEnrolled" order="" paramOrder="56" parentOrder="5" passnull="false" sms-name="" src="isEnrolled" sourcevalue="" srcformatvalue="" target="response" targetdatatype="java.lang.String" testvalue="" value="">
                <accessType></accessType>
            </param>
            <param datatype="string" defaultvalue="" description="" encode="true" format="None" formatvalue="" name="CountryCode" order="" paramOrder="57" parentOrder="5" passnull="false" sms-name="" src="CountryCode" sourcevalue="" srcformatvalue="" target="response" targetdatatype="java.lang.String" testvalue="" value="">
                <accessType></accessType>
            </param>
            <param datatype="string" defaultvalue="" description="" encode="true" format="None" formatvalue="" name="default_account_deposit" order="" paramOrder="58" parentOrder="5" passnull="false" sms-name="" src="default_account_deposit" sourcevalue="" srcformatvalue="" target="response" targetdatatype="java.lang.String" testvalue="" value="">
                <accessType></accessType>
            </param>
            <param datatype="string" defaultvalue="" description="" encode="true" format="None" formatvalue="" name="first_name" order="" paramOrder="59" parentOrder="5" passnull="false" sms-name="" src="first_name" sourcevalue="" srcformatvalue="" target="response" targetdatatype="java.lang.String" testvalue="" value="">
                <accessType></accessType>
            </param>
            <param datatype="string" defaultvalue="" description="" encode="true" format="None" formatvalue="" name="lastmodifiedts" order="" paramOrder="60" parentOrder="5" passnull="false" sms-name="" src="lastmodifiedts" sourcevalue="" srcformatvalue="" target="response" targetdatatype="java.lang.String" testvalue="" value="">
                <accessType></accessType>
            </param>
            <param datatype="string" defaultvalue="" description="" encode="true" format="None" formatvalue="" name="isBillPayActivated" order="" paramOrder="61" parentOrder="5" passnull="false" sms-name="" src="isBillPayActivated" sourcevalue="" srcformatvalue="" target="response" targetdatatype="java.lang.String" testvalue="" value="">
                <accessType></accessType>
            </param>
            <param datatype="string" defaultvalue="" description="" encode="true" format="None" formatvalue="" name="UserName" order="" paramOrder="62" parentOrder="5" passnull="false" sms-name="" src="UserName" sourcevalue="" srcformatvalue="" target="response" targetdatatype="java.lang.String" testvalue="" value="">
                <accessType></accessType>
            </param>
            <param datatype="string" defaultvalue="" description="" encode="true" format="None" formatvalue="" name="Status_id" order="" paramOrder="63" parentOrder="5" passnull="false" sms-name="" src="Status_id" sourcevalue="" srcformatvalue="" target="response" targetdatatype="java.lang.String" testvalue="" value="">
                <accessType></accessType>
            </param>
            <param datatype="string" defaultvalue="" description="" encode="true" format="None" formatvalue="" name="IsEmailEnabled" order="" paramOrder="64" parentOrder="5" passnull="false" sms-name="" src="IsEmailEnabled" sourcevalue="" srcformatvalue="" target="response" targetdatatype="java.lang.String" testvalue="" value="">
                <accessType></accessType>
            </param>
            <param datatype="string" defaultvalue="" description="" encode="true" format="None" formatvalue="" name="IDIssueDate" order="" paramOrder="65" parentOrder="5" passnull="false" sms-name="" src="IDIssueDate" sourcevalue="" srcformatvalue="" target="response" targetdatatype="java.lang.String" testvalue="" value="">
                <accessType></accessType>
            </param>
            <param datatype="string" defaultvalue="" description="" encode="true" format="None" formatvalue="" name="isBillPaySupported" order="" paramOrder="66" parentOrder="5" passnull="false" sms-name="" src="isBillPaySupported" sourcevalue="" srcformatvalue="" target="response" targetdatatype="java.lang.String" testvalue="" value="">
                <accessType></accessType>
            </param>
            <param datatype="string" defaultvalue="" description="" encode="true" format="None" formatvalue="" name="default_account_cardless" order="" paramOrder="67" parentOrder="5" passnull="false" sms-name="" src="default_account_cardless" sourcevalue="" srcformatvalue="" target="response" targetdatatype="java.lang.String" testvalue="" value="">
                <accessType></accessType>
            </param>
            <param datatype="string" defaultvalue="" description="" encode="true" format="None" formatvalue="" name="isPreferredAddress" order="" paramOrder="68" parentOrder="5" passnull="false" sms-name="" src="isPreferredAddress" sourcevalue="" srcformatvalue="" target="response" targetdatatype="java.lang.String" testvalue="" value="">
                <accessType></accessType>
            </param>
            <param datatype="string" defaultvalue="" description="" encode="true" format="None" formatvalue="" name="isP2PSupported" order="" paramOrder="69" parentOrder="5" passnull="false" sms-name="" src="isP2PSupported" sourcevalue="" srcformatvalue="" target="response" targetdatatype="java.lang.String" testvalue="" value="">
                <accessType></accessType>
            </param>
            <param datatype="string" defaultvalue="" description="" encode="true" format="None" formatvalue="" name="logitude" order="" paramOrder="70" parentOrder="5" passnull="false" sms-name="" src="logitude" sourcevalue="" srcformatvalue="" target="response" targetdatatype="java.lang.String" testvalue="" value="">
                <accessType></accessType>
            </param>
            <param datatype="string" defaultvalue="" description="" encode="true" format="None" formatvalue="" name="IDExpiryDate" order="" paramOrder="71" parentOrder="5" passnull="false" sms-name="" src="IDExpiryDate" sourcevalue="" srcformatvalue="" target="response" targetdatatype="java.lang.String" testvalue="" value="">
                <accessType></accessType>
            </param>
            <param datatype="string" defaultvalue="" description="" encode="true" format="None" formatvalue="" name="areDepositTermsAccepted" order="" paramOrder="72" parentOrder="5" passnull="false" sms-name="" src="areDepositTermsAccepted" sourcevalue="" srcformatvalue="" target="response" targetdatatype="java.lang.String" testvalue="" value="">
                <accessType></accessType>
            </param>
            <param datatype="string" defaultvalue="" description="" encode="true" format="None" formatvalue="" name="isP2PActivated" order="" paramOrder="73" parentOrder="5" passnull="false" sms-name="" src="isP2PActivated" sourcevalue="" srcformatvalue="" target="response" targetdatatype="java.lang.String" testvalue="" value="">
                <accessType></accessType>
            </param>
            <param datatype="string" defaultvalue="" description="" encode="true" format="None" formatvalue="" name="customer_id" order="" paramOrder="74" parentOrder="5" passnull="false" sms-name="" src="customer_id" sourcevalue="" srcformatvalue="" target="response" targetdatatype="java.lang.String" testvalue="" value="">
                <accessType></accessType>
            </param>
            <param datatype="string" defaultvalue="" description="" encode="true" format="None" formatvalue="" name="Bank_id" order="" paramOrder="75" parentOrder="5" passnull="false" sms-name="" src="Bank_id" sourcevalue="" srcformatvalue="" target="response" targetdatatype="java.lang.String" testvalue="" value="">
                <accessType></accessType>
            </param>
            <param datatype="string" defaultvalue="" description="" encode="true" format="None" formatvalue="" name="companyId" order="" paramOrder="76" parentOrder="5" passnull="false" sms-name="" src="companyId" sourcevalue="" srcformatvalue="" target="response" targetdatatype="java.lang.String" testvalue="" value="">
                <accessType></accessType>
            </param>
        </record>
    </service-output>
</service>
