{
  "version" : "1.0",
  "intSvcs" : [ {
    "name" : "ActivationCodeAuthService",
    "version" : "1.0",
    "etag" : "1128d588-b0ec-4442-90af-757994e052eb"
  }, {
    "name" : "CIBAInitiation",
    "version" : "1.0",
    "etag" : "a83018da-65a6-4fdb-af3e-edde77450bd0"
  }, {
    "name" : "ClientCredentials",
    "version" : "1.0",
    "etag" : "bc58fec2-3c18-4a29-85b7-d120a0051fcd"
  }, {
    "name" : "DeviceProvision",
    "version" : "1.0",
    "etag" : "a60fee27-9aa0-44ae-9b46-0bb1d576eeec"
  }, {
    "name" : "SCAAuthApis",
    "version" : "1.0",
    "etag" : "0e6eb154-a755-4292-bbae-1a649ced0153"
  }, {
    "name" : "SCAScimApis",
    "version" : "1.0",
    "etag" : "da56fe70-d320-4271-8c79-47216767b8a6"
  }, {
    "name" : "SCATransactionService",
    "version" : "1.0",
    "etag" : "86163820-f849-4d45-9fac-97321f13a05e"
  } ],
  "orchSvcs" : [ {
    "name" : "CIBAPushValidationOrchService",
    "version" : "1.0",
    "etag" : "3c7b66d3-0f4a-46af-b362-08b4a88832f5"
  }, {
    "name" : "SCAUserOrchService",
    "version" : "1.0",
    "etag" : "0017992f-c7db-4b9e-b8e2-da2517066997"
  } ],
  "objectSvcs" : [ {
    "name" : "SCAActivationObjects",
    "version" : "1.0",
    "etag" : "a6149b8e-9362-4480-bdf9-bd8a089f59c4"
  }, {
    "name" : "SCATransactionObjects",
    "version" : "1.0",
    "etag" : "17300d41-e265-4049-ba57-a6d951825655"
  } ],
  "identity" : [ "CIBACustomIdentity" ]
}