{
  "operationConfig" : {
    "name" : "createDevice7355",
    "type" : "MappedToBackend",
    "cachable" : false,
    "smsEnabled" : false,
    "security" : "authorized_app",
    "responseEncoding" : "UTF-8",
    "httpMethod" : "GET",
    "decodeResponseBody" : false,
    "iMapping" : "<?xml version=\"1.0\" encoding=\"UTF-8\" standalone=\"yes\"?>\n<mapper xmlns=\"http://www.kony.com/ns/mapper\">\n    <map inputpath=\"request_in\" outputpath=\"request_out\">\n        <set-param inputpath=\"id_token\" outputpath=\"id_token\"/>\n    </map>\n</mapper>\n",
    "oMapping" : "<?xml version=\"1.0\" encoding=\"UTF-8\" standalone=\"yes\"?><mapper xmlns=\"http://www.kony.com/ns/mapper\">  <map inputpath=\"response_in\" outputpath=\"response_out\">    <map inputpath=\"\" outputpath=\"\">      <set-param inputpath=\"provisionJSON\" outputpath=\"provisionJSON\"/>    </map>  </map></mapper>",
    "iVisualMappingData" : "{\"nodeDataArray\":[{\"isGroup\":true,\"key\":\"request_in\",\"text\":\"ActivationCodeAuthenticator\",\"xy\":\"150 100\"},{\"isGroup\":true,\"key\":\"request_out\",\"text\":\"SCAUserOrchService (1.0).createDevice\",\"xy\":\"770 100\"}],\"linkDataArray\":[{\"category\":\"Mapping\",\"visible\":true,\"from\":\"source:ActivationCodeAuthenticator:id_token:\",\"to\":\"target:id_token:\",\"fromPort\":\"source:ActivationCodeAuthenticator:id_token:\",\"toPort\":\"target:id_token:\"}],\"blockCount\":{\"variableCount\":0},\"variableMap\":{},\"xmlMappingOverride\":false}",
    "oVisualMappingData" : "{\"nodeDataArray\":[{\"isGroup\":true,\"key\":\"response_out\",\"text\":\"ActivationCodeAuthenticator\",\"xy\":\"770 100\"},{\"isGroup\":true,\"key\":\"response_in\",\"text\":\"SCAUserOrchService (1.0).createDevice\",\"xy\":\"150 100\"}],\"linkDataArray\":[{\"category\":\"Mapping\",\"visible\":true,\"from\":\"source:provisionJSON:\",\"to\":\"target:ActivationCodeAuthenticator:provisionJSON:\",\"fromPort\":\"source:provisionJSON:\",\"toPort\":\"target:ActivationCodeAuthenticator:provisionJSON:\"},{\"from\":\"target\",\"to\":\"target:ActivationCodeAuthenticator\",\"fromPort\":\"target\",\"toPort\":\"target:ActivationCodeAuthenticator\",\"visible\":true,\"common\":false},{\"from\":\"target:ActivationCodeAuthenticator\",\"to\":\"target:ActivationCodeAuthenticator:fields\",\"fromPort\":\"target:ActivationCodeAuthenticator\",\"toPort\":\"target:ActivationCodeAuthenticator:fields\",\"visible\":true,\"common\":false},{\"from\":\"target:ActivationCodeAuthenticator:fields\",\"to\":\"target:ActivationCodeAuthenticator:userId:\",\"fromPort\":\"target:ActivationCodeAuthenticator:fields\",\"toPort\":\"target:ActivationCodeAuthenticator:userId:\",\"visible\":true,\"common\":false},{\"from\":\"target:ActivationCodeAuthenticator:fields\",\"to\":\"target:ActivationCodeAuthenticator:activationCode:\",\"fromPort\":\"target:ActivationCodeAuthenticator:fields\",\"toPort\":\"target:ActivationCodeAuthenticator:activationCode:\",\"visible\":true,\"common\":false},{\"from\":\"target:ActivationCodeAuthenticator:fields\",\"to\":\"target:ActivationCodeAuthenticator:errorCode:\",\"fromPort\":\"target:ActivationCodeAuthenticator:fields\",\"toPort\":\"target:ActivationCodeAuthenticator:errorCode:\",\"visible\":true,\"common\":false},{\"from\":\"target:ActivationCodeAuthenticator:fields\",\"to\":\"target:ActivationCodeAuthenticator:errorMessage:\",\"fromPort\":\"target:ActivationCodeAuthenticator:fields\",\"toPort\":\"target:ActivationCodeAuthenticator:errorMessage:\",\"visible\":true,\"common\":false},{\"from\":\"target:ActivationCodeAuthenticator:fields\",\"to\":\"target:ActivationCodeAuthenticator:id_token:\",\"fromPort\":\"target:ActivationCodeAuthenticator:fields\",\"toPort\":\"target:ActivationCodeAuthenticator:id_token:\",\"visible\":true,\"common\":false},{\"from\":\"target:ActivationCodeAuthenticator:fields\",\"to\":\"target:ActivationCodeAuthenticator:password:\",\"fromPort\":\"target:ActivationCodeAuthenticator:fields\",\"toPort\":\"target:ActivationCodeAuthenticator:password:\",\"visible\":true,\"common\":false},{\"from\":\"target:ActivationCodeAuthenticator:fields\",\"to\":\"target:ActivationCodeAuthenticator:provisionJSON:\",\"fromPort\":\"target:ActivationCodeAuthenticator:fields\",\"toPort\":\"target:ActivationCodeAuthenticator:provisionJSON:\",\"visible\":true,\"common\":false},{\"from\":\"source\",\"to\":\"source:parameters\",\"fromPort\":\"source\",\"toPort\":\"source:parameters\",\"visible\":true,\"common\":false},{\"from\":\"source:parameters\",\"to\":\"source:access_token:\",\"fromPort\":\"source:parameters\",\"toPort\":\"source:access_token:\",\"visible\":true,\"common\":false},{\"from\":\"source:parameters\",\"to\":\"source:deviceId:\",\"fromPort\":\"source:parameters\",\"toPort\":\"source:deviceId:\",\"visible\":true,\"common\":false},{\"from\":\"source:parameters\",\"to\":\"source:errorCode:\",\"fromPort\":\"source:parameters\",\"toPort\":\"source:errorCode:\",\"visible\":true,\"common\":false},{\"from\":\"source:parameters\",\"to\":\"source:errorDescription:\",\"fromPort\":\"source:parameters\",\"toPort\":\"source:errorDescription:\",\"visible\":true,\"common\":false},{\"from\":\"source:parameters\",\"to\":\"source:expires_in:\",\"fromPort\":\"source:parameters\",\"toPort\":\"source:expires_in:\",\"visible\":true,\"common\":false},{\"from\":\"source:parameters\",\"to\":\"source:provisionJSON:\",\"fromPort\":\"source:parameters\",\"toPort\":\"source:provisionJSON:\",\"visible\":true,\"common\":false},{\"from\":\"source:parameters\",\"to\":\"source:scaUserId:\",\"fromPort\":\"source:parameters\",\"toPort\":\"source:scaUserId:\",\"visible\":true,\"common\":false},{\"from\":\"source:parameters\",\"to\":\"source:token_type:\",\"fromPort\":\"source:parameters\",\"toPort\":\"source:token_type:\",\"visible\":true,\"common\":false},{\"from\":\"source:parameters\",\"to\":\"source:totalResults:\",\"fromPort\":\"source:parameters\",\"toPort\":\"source:totalResults:\",\"visible\":true,\"common\":false},{\"from\":\"source:parameters\",\"to\":\"source:userId:\",\"fromPort\":\"source:parameters\",\"toPort\":\"source:userId:\",\"visible\":true,\"common\":false},{\"from\":\"source:parameters\",\"to\":\"source:username:\",\"fromPort\":\"source:parameters\",\"toPort\":\"source:username:\",\"visible\":true,\"common\":false},{\"from\":\"source\",\"to\":\"source:authenticators\",\"fromPort\":\"source\",\"toPort\":\"source:authenticators\",\"visible\":true,\"common\":false},{\"from\":\"source:authenticators\",\"to\":\"source:authenticators:parameters\",\"fromPort\":\"source:authenticators\",\"toPort\":\"source:authenticators:parameters\",\"visible\":true,\"common\":false},{\"from\":\"source:authenticators:parameters\",\"to\":\"source:authenticators:code:\",\"fromPort\":\"source:authenticators:parameters\",\"toPort\":\"source:authenticators:code:\",\"visible\":true,\"common\":false}],\"blockCount\":{\"variableCount\":0},\"variableMap\":{},\"xmlMappingOverride\":true}",
    "applyCommonMapping" : false,
    "applyRequestCommonMapping" : false,
    "applyResponseCommonMapping" : false,
    "backendMeta" : {
      "serviceName" : "SCAUserOrchService",
      "serviceVersion" : "1.0",
      "operationName" : "createDevice"
    },
    "relationshipHierarchyMapping" : {
      "children" : [ ],
      "name" : "ActivationCodeAuthenticator",
      "actions" : { },
      "selected" : true
    },
    "requestXmlMappingOverride" : false,
    "responseXmlMappingOverride" : true
  }
}