{
  "operationConfig" : {
    "name" : "getDevice6362",
    "type" : "MappedToBackend",
    "cachable" : false,
    "smsEnabled" : false,
    "security" : "authorized_app",
    "responseEncoding" : "UTF-8",
    "httpMethod" : "GET",
    "decodeResponseBody" : false,
    "iMapping" : "<?xml version=\"1.0\" encoding=\"UTF-8\" standalone=\"yes\"?>\n<mapper xmlns=\"http://www.kony.com/ns/mapper\">\n    <map inputpath=\"request_in\" outputpath=\"request_out\">\n        <set-param inputpath=\"pushDeviceId\" outputpath=\"pushDeviceId\"/>\n    </map>\n</mapper>\n",
    "oMapping" : "<?xml version=\"1.0\" encoding=\"UTF-8\" standalone=\"yes\"?><mapper xmlns=\"http://www.kony.com/ns/mapper\">  <map inputpath=\"response_in\" outputpath=\"response_out\">    <map inputpath=\"\" outputpath=\"\">      <set-param inputpath=\"errorCode\" outputpath=\"errorCode\"/>      <set-param inputpath=\"detail\" outputpath=\"errorMessage\"/>      <set-param inputpath=\"status\" outputpath=\"deviceRegistrationStatus\"/>    </map>  </map></mapper>",
    "iVisualMappingData" : "{\"nodeDataArray\":[{\"isGroup\":true,\"key\":\"request_in\",\"text\":\"ActivationCodeAuthenticator\",\"xy\":\"150 100\"},{\"isGroup\":true,\"key\":\"request_out\",\"text\":\"SCAScimApis (1.0).getDevice\",\"xy\":\"770 100\"}],\"linkDataArray\":[{\"category\":\"Mapping\",\"visible\":true,\"from\":\"source:ActivationCodeAuthenticator:pushDeviceId:\",\"to\":\"target:pushDeviceId:\",\"fromPort\":\"source:ActivationCodeAuthenticator:pushDeviceId:\",\"toPort\":\"target:pushDeviceId:\"}],\"blockCount\":{\"variableCount\":0},\"variableMap\":{},\"xmlMappingOverride\":false}",
    "oVisualMappingData" : "{\"nodeDataArray\":[{\"isGroup\":true,\"key\":\"response_out\",\"text\":\"ActivationCodeAuthenticator\",\"xy\":\"770 100\"},{\"isGroup\":true,\"key\":\"response_in\",\"text\":\"SCAScimApis (1.0).getDevice\",\"xy\":\"150 100\"}],\"linkDataArray\":[{\"from\":\"target\",\"to\":\"target:ActivationCodeAuthenticator\",\"fromPort\":\"target\",\"toPort\":\"target:ActivationCodeAuthenticator\",\"visible\":true,\"common\":false},{\"from\":\"target:ActivationCodeAuthenticator\",\"to\":\"target:ActivationCodeAuthenticator:fields\",\"fromPort\":\"target:ActivationCodeAuthenticator\",\"toPort\":\"target:ActivationCodeAuthenticator:fields\",\"visible\":true,\"common\":false},{\"from\":\"target:ActivationCodeAuthenticator:fields\",\"to\":\"target:ActivationCodeAuthenticator:userId:\",\"fromPort\":\"target:ActivationCodeAuthenticator:fields\",\"toPort\":\"target:ActivationCodeAuthenticator:userId:\",\"visible\":true,\"common\":false},{\"from\":\"target:ActivationCodeAuthenticator:fields\",\"to\":\"target:ActivationCodeAuthenticator:activationCode:\",\"fromPort\":\"target:ActivationCodeAuthenticator:fields\",\"toPort\":\"target:ActivationCodeAuthenticator:activationCode:\",\"visible\":true,\"common\":false},{\"from\":\"target:ActivationCodeAuthenticator:fields\",\"to\":\"target:ActivationCodeAuthenticator:errorCode:\",\"fromPort\":\"target:ActivationCodeAuthenticator:fields\",\"toPort\":\"target:ActivationCodeAuthenticator:errorCode:\",\"visible\":true,\"common\":false},{\"from\":\"target:ActivationCodeAuthenticator:fields\",\"to\":\"target:ActivationCodeAuthenticator:errorMessage:\",\"fromPort\":\"target:ActivationCodeAuthenticator:fields\",\"toPort\":\"target:ActivationCodeAuthenticator:errorMessage:\",\"visible\":true,\"common\":false},{\"from\":\"target:ActivationCodeAuthenticator:fields\",\"to\":\"target:ActivationCodeAuthenticator:id_token:\",\"fromPort\":\"target:ActivationCodeAuthenticator:fields\",\"toPort\":\"target:ActivationCodeAuthenticator:id_token:\",\"visible\":true,\"common\":false},{\"from\":\"target:ActivationCodeAuthenticator:fields\",\"to\":\"target:ActivationCodeAuthenticator:password:\",\"fromPort\":\"target:ActivationCodeAuthenticator:fields\",\"toPort\":\"target:ActivationCodeAuthenticator:password:\",\"visible\":true,\"common\":false},{\"from\":\"target:ActivationCodeAuthenticator:fields\",\"to\":\"target:ActivationCodeAuthenticator:provisionJSON:\",\"fromPort\":\"target:ActivationCodeAuthenticator:fields\",\"toPort\":\"target:ActivationCodeAuthenticator:provisionJSON:\",\"visible\":true,\"common\":false},{\"from\":\"target:ActivationCodeAuthenticator:fields\",\"to\":\"target:ActivationCodeAuthenticator:authReqId:\",\"fromPort\":\"target:ActivationCodeAuthenticator:fields\",\"toPort\":\"target:ActivationCodeAuthenticator:authReqId:\",\"visible\":true,\"common\":false},{\"from\":\"target:ActivationCodeAuthenticator:fields\",\"to\":\"target:ActivationCodeAuthenticator:pushDeviceId:\",\"fromPort\":\"target:ActivationCodeAuthenticator:fields\",\"toPort\":\"target:ActivationCodeAuthenticator:pushDeviceId:\",\"visible\":true,\"common\":false},{\"from\":\"target:ActivationCodeAuthenticator:fields\",\"to\":\"target:ActivationCodeAuthenticator:deviceRegistrationStatus:\",\"fromPort\":\"target:ActivationCodeAuthenticator:fields\",\"toPort\":\"target:ActivationCodeAuthenticator:deviceRegistrationStatus:\",\"visible\":true,\"common\":false},{\"from\":\"source\",\"to\":\"source:parameters\",\"fromPort\":\"source\",\"toPort\":\"source:parameters\",\"visible\":true,\"common\":false},{\"from\":\"source:parameters\",\"to\":\"source:active:\",\"fromPort\":\"source:parameters\",\"toPort\":\"source:active:\",\"visible\":true,\"common\":false},{\"from\":\"source:parameters\",\"to\":\"source:detail:\",\"fromPort\":\"source:parameters\",\"toPort\":\"source:detail:\",\"visible\":true,\"common\":false},{\"from\":\"source:parameters\",\"to\":\"source:errorCode:\",\"fromPort\":\"source:parameters\",\"toPort\":\"source:errorCode:\",\"visible\":true,\"common\":false},{\"from\":\"source:parameters\",\"to\":\"source:externalId:\",\"fromPort\":\"source:parameters\",\"toPort\":\"source:externalId:\",\"visible\":true,\"common\":false},{\"from\":\"source:parameters\",\"to\":\"source:status:\",\"fromPort\":\"source:parameters\",\"toPort\":\"source:status:\",\"visible\":true,\"common\":false},{\"category\":\"Mapping\",\"visible\":true,\"from\":\"source:status:\",\"to\":\"target:ActivationCodeAuthenticator:deviceRegistrationStatus:\",\"fromPort\":\"source:status:\",\"toPort\":\"target:ActivationCodeAuthenticator:deviceRegistrationStatus:\"},{\"category\":\"Mapping\",\"visible\":true,\"from\":\"source:errorCode:\",\"to\":\"target:ActivationCodeAuthenticator:errorCode:\",\"fromPort\":\"source:errorCode:\",\"toPort\":\"target:ActivationCodeAuthenticator:errorCode:\"},{\"category\":\"Mapping\",\"visible\":true,\"from\":\"source:detail:\",\"to\":\"target:ActivationCodeAuthenticator:errorMessage:\",\"fromPort\":\"source:detail:\",\"toPort\":\"target:ActivationCodeAuthenticator:errorMessage:\"}],\"blockCount\":{\"variableCount\":0},\"variableMap\":{},\"xmlMappingOverride\":true}",
    "applyCommonMapping" : false,
    "applyRequestCommonMapping" : false,
    "applyResponseCommonMapping" : false,
    "backendMeta" : {
      "serviceName" : "SCAScimApis",
      "serviceVersion" : "1.0",
      "operationName" : "getDevice"
    },
    "relationshipHierarchyMapping" : {
      "children" : [ ],
      "name" : "ActivationCodeAuthenticator",
      "actions" : { },
      "selected" : true
    },
    "requestXmlMappingOverride" : false,
    "responseXmlMappingOverride" : true
  }
}