{
  "operationConfig" : {
    "name" : "login2774",
    "type" : "MappedToBackend",
    "cachable" : false,
    "smsEnabled" : false,
    "security" : "authorized_app",
    "responseEncoding" : "UTF-8",
    "httpMethod" : "GET",
    "decodeResponseBody" : false,
    "iMapping" : "<?xml version=\"1.0\" encoding=\"UTF-8\" standalone=\"yes\"?>\n<mapper xmlns=\"http://www.kony.com/ns/mapper\">\n    <map inputpath=\"request_in\" outputpath=\"request_out\">\n        <set-param inputpath=\"activationCode\" outputpath=\"activationCode\"/>\n        <set-param inputpath=\"userId\" outputpath=\"userid\"/>\n    </map>\n</mapper>\n",
    "oMapping" : "<?xml version=\"1.0\" encoding=\"UTF-8\" standalone=\"yes\"?><mapper xmlns=\"http://www.kony.com/ns/mapper\">      <map inputpath=\"response_in\" outputpath=\"response_out\">            <map inputpath=\"\" outputpath=\"\">                              <set-param inputpath=\"id_token\" outputpath=\"id_token\"/>                    <set-param inputpath=\"errorCode\" outputpath=\"errorCode\"/>                             <set-param inputpath=\"errorMessage\" outputpath=\"errorMessage\"/>                     </map>          </map></mapper>",
    "iVisualMappingData" : "{\"nodeDataArray\":[{\"isGroup\":true,\"key\":\"request_in\",\"text\":\"ActivationCodeAuthenticator\",\"xy\":\"303 67\"},{\"isGroup\":true,\"key\":\"request_out\",\"text\":\"ActivationCodeAuthService (1.0).login\",\"xy\":\"770 100\"}],\"linkDataArray\":[{\"category\":\"Mapping\",\"visible\":true,\"from\":\"source:ActivationCodeAuthenticator:userId:\",\"to\":\"target:userid:\",\"fromPort\":\"source:ActivationCodeAuthenticator:userId:\",\"toPort\":\"target:userid:\"},{\"category\":\"Mapping\",\"visible\":true,\"from\":\"source:ActivationCodeAuthenticator:activationCode:\",\"to\":\"target:activationCode:\",\"fromPort\":\"source:ActivationCodeAuthenticator:activationCode:\",\"toPort\":\"target:activationCode:\"}],\"blockCount\":{\"variableCount\":0},\"variableMap\":{},\"xmlMappingOverride\":false}",
    "oVisualMappingData" : "{\"nodeDataArray\":[{\"isGroup\":true,\"key\":\"response_out\",\"text\":\"ActivationCodeAuthenticator\",\"xy\":\"770 100\"},{\"isGroup\":true,\"key\":\"response_in\",\"text\":\"ActivationCodeAuthService (1.0).login\",\"xy\":\"150 100\"}],\"linkDataArray\":[{\"from\":\"target\",\"to\":\"target:ActivationCodeAuthenticator\",\"fromPort\":\"target\",\"toPort\":\"target:ActivationCodeAuthenticator\",\"visible\":true,\"common\":false},{\"from\":\"target:ActivationCodeAuthenticator\",\"to\":\"target:ActivationCodeAuthenticator:fields\",\"fromPort\":\"target:ActivationCodeAuthenticator\",\"toPort\":\"target:ActivationCodeAuthenticator:fields\",\"visible\":true,\"common\":false},{\"from\":\"target:ActivationCodeAuthenticator:fields\",\"to\":\"target:ActivationCodeAuthenticator:userId:\",\"fromPort\":\"target:ActivationCodeAuthenticator:fields\",\"toPort\":\"target:ActivationCodeAuthenticator:userId:\",\"visible\":true,\"common\":false},{\"from\":\"target:ActivationCodeAuthenticator:fields\",\"to\":\"target:ActivationCodeAuthenticator:activationCode:\",\"fromPort\":\"target:ActivationCodeAuthenticator:fields\",\"toPort\":\"target:ActivationCodeAuthenticator:activationCode:\",\"visible\":true,\"common\":false},{\"from\":\"target:ActivationCodeAuthenticator:fields\",\"to\":\"target:ActivationCodeAuthenticator:errorCode:\",\"fromPort\":\"target:ActivationCodeAuthenticator:fields\",\"toPort\":\"target:ActivationCodeAuthenticator:errorCode:\",\"visible\":true,\"common\":false},{\"from\":\"target:ActivationCodeAuthenticator:fields\",\"to\":\"target:ActivationCodeAuthenticator:errorMessage:\",\"fromPort\":\"target:ActivationCodeAuthenticator:fields\",\"toPort\":\"target:ActivationCodeAuthenticator:errorMessage:\",\"visible\":true,\"common\":false},{\"from\":\"target:ActivationCodeAuthenticator:fields\",\"to\":\"target:ActivationCodeAuthenticator:id_token:\",\"fromPort\":\"target:ActivationCodeAuthenticator:fields\",\"toPort\":\"target:ActivationCodeAuthenticator:id_token:\",\"visible\":true,\"common\":false},{\"from\":\"target:ActivationCodeAuthenticator:fields\",\"to\":\"target:ActivationCodeAuthenticator:password:\",\"fromPort\":\"target:ActivationCodeAuthenticator:fields\",\"toPort\":\"target:ActivationCodeAuthenticator:password:\",\"visible\":true,\"common\":false},{\"from\":\"source\",\"to\":\"source:parameters\",\"fromPort\":\"source\",\"toPort\":\"source:parameters\",\"visible\":true,\"common\":false},{\"from\":\"source:parameters\",\"to\":\"source:error_code:\",\"fromPort\":\"source:parameters\",\"toPort\":\"source:error_code:\",\"visible\":true,\"common\":false},{\"from\":\"source:parameters\",\"to\":\"source:error_code_1:\",\"fromPort\":\"source:parameters\",\"toPort\":\"source:error_code_1:\",\"visible\":true,\"common\":false},{\"from\":\"source:parameters\",\"to\":\"source:error_description:\",\"fromPort\":\"source:parameters\",\"toPort\":\"source:error_description:\",\"visible\":true,\"common\":false},{\"from\":\"source:parameters\",\"to\":\"source:id_token:\",\"fromPort\":\"source:parameters\",\"toPort\":\"source:id_token:\",\"visible\":true,\"common\":false}],\"blockCount\":{\"variableCount\":0},\"variableMap\":{},\"xmlMappingOverride\":true}",
    "applyCommonMapping" : false,
    "applyRequestCommonMapping" : false,
    "applyResponseCommonMapping" : false,
    "backendMeta" : {
      "serviceName" : "ActivationCodeAuthService",
      "serviceVersion" : "1.0",
      "operationName" : "login"
    },
    "relationshipHierarchyMapping" : {
      "children" : [ ],
      "name" : "ActivationCodeAuthenticator",
      "actions" : { },
      "selected" : true
    },
    "requestXmlMappingOverride" : false,
    "responseXmlMappingOverride" : true
  }
}