{
  "operationConfig" : {
    "name" : "changePassword5892",
    "type" : "MappedToBackend",
    "cachable" : false,
    "smsEnabled" : false,
    "security" : "authorized_app",
    "responseEncoding" : "UTF-8",
    "httpMethod" : "GET",
    "decodeResponseBody" : false,
    "iMapping" : "<?xml version=\"1.0\" encoding=\"UTF-8\" standalone=\"yes\"?>\n<mapper xmlns=\"http://www.kony.com/ns/mapper\">\n    <map inputpath=\"request_in\" outputpath=\"request_out\">\n        <set-param inputpath=\"authReqId\" outputpath=\"authReqId\"/>\n        <set-param inputpath=\"password\" outputpath=\"password\"/>\n    </map>\n</mapper>\n",
    "oMapping" : "<?xml version=\"1.0\" encoding=\"UTF-8\" standalone=\"yes\"?><mapper xmlns=\"http://www.kony.com/ns/mapper\">          <map inputpath=\"response_in\" outputpath=\"response_out\">                    <map inputpath=\"\" outputpath=\"\">                                          <set-param inputpath=\"externalId\" outputpath=\"userId\"/>                                <set-param inputpath=\"errorCode\" outputpath=\"errorCode\"/>                                         <set-param inputpath=\"errorMessage\" outputpath=\"errorMessage\"/>                             </map>              </map></mapper>",
    "iVisualMappingData" : "{\"nodeDataArray\":[{\"isGroup\":true,\"key\":\"request_in\",\"text\":\"ActivationCodeAuthenticator\",\"xy\":\"278 111\"},{\"isGroup\":true,\"key\":\"request_out\",\"text\":\"SCAUserOrchService (1.0).changePassword\",\"xy\":\"770 100\"}],\"linkDataArray\":[{\"category\":\"Mapping\",\"visible\":true,\"from\":\"source:ActivationCodeAuthenticator:password:\",\"to\":\"target:password:\",\"fromPort\":\"source:ActivationCodeAuthenticator:password:\",\"toPort\":\"target:password:\"},{\"category\":\"Mapping\",\"visible\":true,\"from\":\"source:ActivationCodeAuthenticator:authReqId:\",\"to\":\"target:authReqId:\",\"fromPort\":\"source:ActivationCodeAuthenticator:authReqId:\",\"toPort\":\"target:authReqId:\"}],\"blockCount\":{\"variableCount\":0},\"variableMap\":{},\"xmlMappingOverride\":false}",
    "oVisualMappingData" : "{\"nodeDataArray\":[{\"isGroup\":true,\"key\":\"response_out\",\"text\":\"ActivationCodeAuthenticator\",\"xy\":\"770 100\"},{\"isGroup\":true,\"key\":\"response_in\",\"text\":\"SCAUserOrchService (1.0).changePassword\",\"xy\":\"150 100\"}],\"linkDataArray\":[{\"from\":\"target\",\"to\":\"target:ActivationCodeAuthenticator\",\"fromPort\":\"target\",\"toPort\":\"target:ActivationCodeAuthenticator\",\"visible\":true,\"common\":false},{\"from\":\"target:ActivationCodeAuthenticator\",\"to\":\"target:ActivationCodeAuthenticator:fields\",\"fromPort\":\"target:ActivationCodeAuthenticator\",\"toPort\":\"target:ActivationCodeAuthenticator:fields\",\"visible\":true,\"common\":false},{\"from\":\"target:ActivationCodeAuthenticator:fields\",\"to\":\"target:ActivationCodeAuthenticator:userId:\",\"fromPort\":\"target:ActivationCodeAuthenticator:fields\",\"toPort\":\"target:ActivationCodeAuthenticator:userId:\",\"visible\":true,\"common\":false},{\"from\":\"target:ActivationCodeAuthenticator:fields\",\"to\":\"target:ActivationCodeAuthenticator:activationCode:\",\"fromPort\":\"target:ActivationCodeAuthenticator:fields\",\"toPort\":\"target:ActivationCodeAuthenticator:activationCode:\",\"visible\":true,\"common\":false},{\"from\":\"target:ActivationCodeAuthenticator:fields\",\"to\":\"target:ActivationCodeAuthenticator:errorCode:\",\"fromPort\":\"target:ActivationCodeAuthenticator:fields\",\"toPort\":\"target:ActivationCodeAuthenticator:errorCode:\",\"visible\":true,\"common\":false},{\"from\":\"target:ActivationCodeAuthenticator:fields\",\"to\":\"target:ActivationCodeAuthenticator:errorMessage:\",\"fromPort\":\"target:ActivationCodeAuthenticator:fields\",\"toPort\":\"target:ActivationCodeAuthenticator:errorMessage:\",\"visible\":true,\"common\":false},{\"from\":\"target:ActivationCodeAuthenticator:fields\",\"to\":\"target:ActivationCodeAuthenticator:id_token:\",\"fromPort\":\"target:ActivationCodeAuthenticator:fields\",\"toPort\":\"target:ActivationCodeAuthenticator:id_token:\",\"visible\":true,\"common\":false},{\"from\":\"target:ActivationCodeAuthenticator:fields\",\"to\":\"target:ActivationCodeAuthenticator:password:\",\"fromPort\":\"target:ActivationCodeAuthenticator:fields\",\"toPort\":\"target:ActivationCodeAuthenticator:password:\",\"visible\":true,\"common\":false},{\"from\":\"target:ActivationCodeAuthenticator:fields\",\"to\":\"target:ActivationCodeAuthenticator:provisionJSON:\",\"fromPort\":\"target:ActivationCodeAuthenticator:fields\",\"toPort\":\"target:ActivationCodeAuthenticator:provisionJSON:\",\"visible\":true,\"common\":false},{\"from\":\"target:ActivationCodeAuthenticator:fields\",\"to\":\"target:ActivationCodeAuthenticator:authReqId:\",\"fromPort\":\"target:ActivationCodeAuthenticator:fields\",\"toPort\":\"target:ActivationCodeAuthenticator:authReqId:\",\"visible\":true,\"common\":false},{\"from\":\"source\",\"to\":\"source:parameters\",\"fromPort\":\"source\",\"toPort\":\"source:parameters\",\"visible\":true,\"common\":false},{\"from\":\"source:parameters\",\"to\":\"source:access_token:\",\"fromPort\":\"source:parameters\",\"toPort\":\"source:access_token:\",\"visible\":true,\"common\":false},{\"from\":\"source:parameters\",\"to\":\"source:expires_in:\",\"fromPort\":\"source:parameters\",\"toPort\":\"source:expires_in:\",\"visible\":true,\"common\":false},{\"from\":\"source:parameters\",\"to\":\"source:externalId:\",\"fromPort\":\"source:parameters\",\"toPort\":\"source:externalId:\",\"visible\":true,\"common\":false},{\"from\":\"source:parameters\",\"to\":\"source:id:\",\"fromPort\":\"source:parameters\",\"toPort\":\"source:id:\",\"visible\":true,\"common\":false},{\"from\":\"source:parameters\",\"to\":\"source:scaUserId:\",\"fromPort\":\"source:parameters\",\"toPort\":\"source:scaUserId:\",\"visible\":true,\"common\":false},{\"from\":\"source:parameters\",\"to\":\"source:token_type:\",\"fromPort\":\"source:parameters\",\"toPort\":\"source:token_type:\",\"visible\":true,\"common\":false},{\"from\":\"source:parameters\",\"to\":\"source:totalResults:\",\"fromPort\":\"source:parameters\",\"toPort\":\"source:totalResults:\",\"visible\":true,\"common\":false},{\"from\":\"source:parameters\",\"to\":\"source:userId:\",\"fromPort\":\"source:parameters\",\"toPort\":\"source:userId:\",\"visible\":true,\"common\":false},{\"from\":\"source:parameters\",\"to\":\"source:username:\",\"fromPort\":\"source:parameters\",\"toPort\":\"source:username:\",\"visible\":true,\"common\":false},{\"from\":\"source\",\"to\":\"source:authenticators\",\"fromPort\":\"source\",\"toPort\":\"source:authenticators\",\"visible\":true,\"common\":false},{\"from\":\"source:authenticators\",\"to\":\"source:authenticators:parameters\",\"fromPort\":\"source:authenticators\",\"toPort\":\"source:authenticators:parameters\",\"visible\":true,\"common\":false},{\"from\":\"source:authenticators:parameters\",\"to\":\"source:authenticators:code:\",\"fromPort\":\"source:authenticators:parameters\",\"toPort\":\"source:authenticators:code:\",\"visible\":true,\"common\":false}],\"blockCount\":{\"variableCount\":0},\"variableMap\":{},\"xmlMappingOverride\":true}",
    "applyCommonMapping" : false,
    "applyRequestCommonMapping" : false,
    "applyResponseCommonMapping" : false,
    "backendMeta" : {
      "serviceName" : "SCAUserOrchService",
      "serviceVersion" : "1.0",
      "operationName" : "changePassword"
    },
    "relationshipHierarchyMapping" : {
      "children" : [ ],
      "name" : "ActivationCodeAuthenticator",
      "actions" : { },
      "selected" : true
    },
    "requestXmlMappingOverride" : false,
    "responseXmlMappingOverride" : true
  }
}