<?xml version="1.0" encoding="UTF-8" standalone="yes"?>
<service serviceGroup="" cachable="false" cacheduration="" description="" endpoint="default" groupType="" id="fetchAccessToken" passwordencrypted="false" security="private" type="jsonConnector" smscode="" smsenabled="false">
    <service-config>
        <config-param api-version="" appid="" name="preprocessorname" value=""/>
        <config-param api-version="" appid="" name="postprocessorname" value=""/>
        <config-param api-version="" appid="" name="preprocessorJS" value=""/>
        <config-param api-version="" appid="" name="postprocessorJS" value="var id_token = request.getParameter(&quot;id_token&quot;);&#10;if(id_token!=null){&#10;  var idTokenParam = new com.konylabs.middleware.dataobject.Param();&#10;  idTokenParam.setName('id_token');&#10;  idTokenParam.setValue(id_token);&#10;  result.setParam(idTokenParam);&#10;}"/>
        <config-param api-version="" appid="" name="preprocessorRules" value=""/>
        <config-param api-version="" appid="" name="postprocessorRules" value=""/>
        <config-param api-version="" appid="" name="kony_http_supported_methods" value="POST"/>
        <config-param api-version="" appid="" name="endpointUrl" value="https://app.hiddemo.com/idp/TEMENOS/authn/token"/>
        <config-param api-version="" appid="" name="ignorehttpproxy" value="true"/>
        <config-param api-version="" appid="" name="http.method" value="POST"/>
        <config-param api-version="" appid="" name="dataObjectName" value=""/>
        <config-param api-version="" appid="" name="sockettimeout" value=""/>
        <config-param api-version="" appid="" name="responseEncoding" value="UTF-8"/>
        <config-param api-version="" appid="" name="isembedxmlpresent" value="false"/>
        <config-param api-version="" appid="" name="retrycount" value="0"/>
        <config-param api-version="" appid="" name="jsonpath" value="true"/>
        <config-param api-version="" appid="" name="jsonpath" value="true"/>
        <config-param api-version="" appid="" name="jsonpath" value="true"/>
        <config-param api-version="" appid="" name="jsonpath" value="true"/>
    </service-config>
    <service-input passthrough="false">
        <header datatype="" name="" passthrough="false">
            <param datatype="string" defaultvalue="" description="" encode="false" format="None" formatvalue="" name="Content-Type" order="" paramOrder="0" parentOrder="0" sms-name="" src="constant" sourcevalue="application/x-www-form-urlencoded" srcformatvalue="" target="" targetdatatype="" testvalue="" value="">
                <accessType></accessType>
            </param>
        </header>
        <param datatype="string" defaultvalue="spl-api" description="" encode="true" format="None" formatvalue="" name="clientId" order="" paramOrder="1" parentOrder="-1" passnull="false" sms-name="" src="request" sourcevalue="" srcformatvalue="" target="request" targetdatatype="java.lang.String" testvalue="" value="spl-api">
            <accessType></accessType>
        </param>
        <param datatype="string" defaultvalue="Password01" description="" encode="true" format="None" formatvalue="" name="clientSecret" order="" paramOrder="2" parentOrder="-1" passnull="false" sms-name="" src="request" sourcevalue="" srcformatvalue="" target="request" targetdatatype="java.lang.String" testvalue="" value="Password01">
            <accessType></accessType>
        </param>
        <template-param datatype="" defaultvalue="client_id=$clientId&amp;client_secret=$clientSecret&amp;grant_type=client_credentials" description="" encode="false" format="" formatvalue="" name="message" order="" paramOrder="0" parentOrder="0" sms-name="" src="" sourcevalue="" srcformatvalue="" target="" targetdatatype="" value="client_id=$clientId&amp;client_secret=$clientSecret&amp;grant_type=client_credentials">
            <accessType></accessType>
        </template-param>
        <stub-param value=""/>
    </service-input>
    <service-output passthrough="false">
        <param datatype="string" defaultvalue="" description="" encode="true" format="None" formatvalue="" name="access_token" order="" paramOrder="1" parentOrder="0" passnull="false" sms-name="" src="$.access_token" sourcevalue="" srcformatvalue="" target="response" targetdatatype="java.lang.String" testvalue="" value="">
            <accessType></accessType>
        </param>
        <param datatype="string" defaultvalue="" description="" encode="true" format="None" formatvalue="" name="token_type" order="" paramOrder="2" parentOrder="0" passnull="false" sms-name="" src="$.token_type" sourcevalue="" srcformatvalue="" target="response" targetdatatype="java.lang.String" testvalue="" value="">
            <accessType></accessType>
        </param>
        <param datatype="number" defaultvalue="" description="" encode="true" format="None" formatvalue="" name="expires_in" order="" paramOrder="3" parentOrder="0" passnull="false" sms-name="" src="$.expires_in" sourcevalue="" srcformatvalue="" target="response" targetdatatype="java.lang.String" testvalue="" value="">
            <accessType></accessType>
        </param>
    </service-output>
</service>
