<?xml version="1.0" encoding="UTF-8" standalone="yes"?>
<service serviceGroup="" cachable="false" cacheduration="" description="Push based operation validation service.  This needs to be used for post login scenarios" endpoint="default" groupType="" id="sendTransactionPush" passwordencrypted="false" security="authorized_app_user" type="jsonConnector" smscode="" smsenabled="false">
    <service-config>
        <config-param api-version="" appid="" name="preprocessorname" value="com.temenos.ciba.preprocessor.CIBATransactionInitiationPreprocessor"/>
        <config-param api-version="" appid="" name="postprocessorname" value="com.temenos.ciba.postprocessor.CIBATransactionInitiationPostProcessor"/>
        <config-param api-version="" appid="" name="preprocessorJS" value=""/>
        <config-param api-version="" appid="" name="postprocessorJS" value=""/>
        <config-param api-version="" appid="" name="preprocessorRules" value=""/>
        <config-param api-version="" appid="" name="postprocessorRules" value=""/>
        <config-param api-version="" appid="" name="kony_http_supported_methods" value="POST"/>
        <config-param api-version="" appid="" name="endpointUrl" value="https://app.hiddemo.com/idp/TEMENOS/authn/bcauthorize"/>
        <config-param api-version="" appid="" name="ignorehttpproxy" value="true"/>
        <config-param api-version="" appid="" name="http.method" value="POST"/>
        <config-param api-version="" appid="" name="dataObjectName" value=""/>
        <config-param api-version="" appid="" name="sockettimeout" value=""/>
        <config-param api-version="" appid="" name="responseEncoding" value="UTF-8"/>
        <config-param api-version="" appid="" name="isembedxmlpresent" value="false"/>
        <config-param api-version="" appid="" name="retrycount" value="0"/>
        <config-param api-version="" appid="" name="jsonpath" value="true"/>
    </service-config>
    <service-input passthrough="false">
        <header datatype="" name="" passthrough="false">
            <param datatype="string" defaultvalue="" description="" encode="false" format="None" formatvalue="" name="Authorization" order="" paramOrder="0" parentOrder="0" sms-name="" src="request" sourcevalue="" srcformatvalue="" target="" targetdatatype="" testvalue="" value="">
                <accessType></accessType>
            </param>
        </header>
        <param datatype="string" defaultvalue="openid hid-tx-sign" description="" encode="true" format="None" formatvalue="" name="scope" order="" paramOrder="1" parentOrder="-1" passnull="false" sms-name="" src="request" sourcevalue="" srcformatvalue="" target="request" targetdatatype="java.lang.String" testvalue="" value="openid hid-tx-sign">
            <accessType></accessType>
        </param>
        <param datatype="string" defaultvalue="mod-mf" description="" encode="true" format="None" formatvalue="" name="acr_values" order="" paramOrder="2" parentOrder="-1" passnull="false" sms-name="" src="request" sourcevalue="" srcformatvalue="" target="request" targetdatatype="java.lang.String" testvalue="" value="mod-mf">
            <accessType></accessType>
        </param>
        <param datatype="string" defaultvalue="" description="" encode="true" format="None" formatvalue="" name="login_hint_token" order="" paramOrder="3" parentOrder="-1" passnull="false" sms-name="" src="request" sourcevalue="" srcformatvalue="" target="request" targetdatatype="java.lang.String" testvalue="" value="">
            <accessType></accessType>
        </param>
        <param datatype="string" defaultvalue="" description="" encode="true" format="None" formatvalue="" name="client_notification_token" order="" paramOrder="4" parentOrder="-1" passnull="false" sms-name="" src="request" sourcevalue="" srcformatvalue="" target="request" targetdatatype="java.lang.String" testvalue="" value="">
            <accessType></accessType>
        </param>
        <param datatype="string" defaultvalue="" description="" encode="true" format="None" formatvalue="" name="serviceName" order="" paramOrder="5" parentOrder="-1" passnull="false" sms-name="" src="request" sourcevalue="" srcformatvalue="" target="request" targetdatatype="java.lang.String" testvalue="" value="">
            <accessType></accessType>
        </param>
        <param datatype="string" defaultvalue="" description="" encode="true" format="None" formatvalue="" name="userId" order="" paramOrder="6" parentOrder="-1" passnull="false" sms-name="" src="identity" sourcevalue="CIBACustomIdentity.profile.UserName" srcformatvalue="" target="identity" targetdatatype="java.lang.String" testvalue="" value="">
            <accessType></accessType>
        </param>
        <param datatype="string" defaultvalue="" description="" encode="true" format="None" formatvalue="" name="serviceKey" order="" paramOrder="7" parentOrder="-1" passnull="false" sms-name="" src="request" sourcevalue="" srcformatvalue="" target="request" targetdatatype="java.lang.String" testvalue="" value="">
            <accessType></accessType>
        </param>
        <template-param datatype="" defaultvalue="{&#10;    &quot;scope&quot;: &quot;$scope&quot;,&#10;    &quot;acr_values&quot;: &quot;$acr_values&quot;,&#10;    &quot;login_hint_token&quot;: &quot;$login_hint_token&quot;,&#10;    &quot;client_notification_token&quot;: &quot;$client_notification_token&quot;&#10;}" description="" encode="false" format="" formatvalue="" name="message" order="" paramOrder="0" parentOrder="0" sms-name="" src="" sourcevalue="" srcformatvalue="" target="" targetdatatype="" value="{&#10;    &quot;scope&quot;: &quot;$scope&quot;,&#10;    &quot;acr_values&quot;: &quot;$acr_values&quot;,&#10;    &quot;login_hint_token&quot;: &quot;$login_hint_token&quot;,&#10;    &quot;client_notification_token&quot;: &quot;$client_notification_token&quot;&#10;}">
            <accessType></accessType>
        </template-param>
        <stub-param value="{&#10;    &quot;hid_error&quot;: {&#10;        &quot;code&quot;: &quot;1261&quot;&#10;    },&#10;    &quot;error_description&quot;: &quot;Failed to process request : A device with the specified id could not be found.&lt;Domain: TEMENOS&gt;&quot;,&#10;    &quot;error&quot;: &quot;hid_error&quot;&#10;}"/>
    </service-input>
    <service-output passthrough="false">
        <param datatype="string" defaultvalue="" description="" encode="true" format="None" formatvalue="" name="auth_req_id" order="" paramOrder="1" parentOrder="0" passnull="false" sms-name="" src="$.auth_req_id" sourcevalue="" srcformatvalue="" target="response" targetdatatype="java.lang.String" testvalue="" value="">
            <accessType></accessType>
        </param>
        <param datatype="number" defaultvalue="" description="" encode="true" format="None" formatvalue="" name="expires_in" order="" paramOrder="2" parentOrder="0" passnull="false" sms-name="" src="$.expires_in" sourcevalue="" srcformatvalue="" target="response" targetdatatype="java.lang.String" testvalue="" value="">
            <accessType></accessType>
        </param>
        <param datatype="number" defaultvalue="" description="" encode="true" format="None" formatvalue="" name="interval" order="" paramOrder="3" parentOrder="0" passnull="false" sms-name="" src="$.interval" sourcevalue="" srcformatvalue="" target="response" targetdatatype="java.lang.String" testvalue="" value="">
            <accessType></accessType>
        </param>
        <param datatype="string" defaultvalue="" description="" encode="true" format="None" formatvalue="" name="error_description" order="" paramOrder="4" parentOrder="0" passnull="false" sms-name="" src="$.error_description" sourcevalue="" srcformatvalue="" target="response" targetdatatype="java.lang.String" testvalue="" value="">
            <accessType></accessType>
        </param>
        <param datatype="string" defaultvalue="" description="" encode="true" format="None" formatvalue="" name="error" order="" paramOrder="5" parentOrder="0" passnull="false" sms-name="" src="$.error" sourcevalue="" srcformatvalue="" target="response" targetdatatype="java.lang.String" testvalue="" value="">
            <accessType></accessType>
        </param>
        <param datatype="string" defaultvalue="" description="" encode="true" format="None" formatvalue="" name="errorCode" order="" paramOrder="6" parentOrder="0" passnull="false" sms-name="" src="$.hid_error.code" sourcevalue="" srcformatvalue="" target="response" targetdatatype="java.lang.String" testvalue="" value="">
            <accessType></accessType>
        </param>
    </service-output>
</service>
