{
  "version" : "1.0",
  "intSvcs" : [ {
    "name" : "CIBAInitiation",
    "version" : "1.0",
    "etag" : "a83018da-65a6-4fdb-af3e-edde77450bd0"
  }, {
    "name" : "ClientCredentials",
    "version" : "1.0",
    "etag" : "bc58fec2-3c18-4a29-85b7-d120a0051fcd"
  }, {
    "name" : "SCATransactionService",
    "version" : "1.0",
    "etag" : "86163820-f849-4d45-9fac-97321f13a05e"
  } ],
  "orchSvcs" : [ {
    "name" : "CIBAPushValidationOrchService",
    "version" : "1.0",
    "etag" : "3c7b66d3-0f4a-46af-b362-08b4a88832f5"
  } ],
  "objectSvcs" : [ {
    "name" : "SCATransactionObjects",
    "version" : "1.0",
    "etag" : "17300d41-e265-4049-ba57-a6d951825655"
  } ],
  "identity" : [ "CIBACustomIdentity" ]
}