{
  "operationConfig" : {
    "name" : "getCIBAApprovalStatus9850",
    "type" : "MappedToBackend",
    "cachable" : false,
    "smsEnabled" : false,
    "security" : "authorized_app",
    "responseEncoding" : "UTF-8",
    "httpMethod" : "GET",
    "decodeResponseBody" : false,
    "iMapping" : "<?xml version=\"1.0\" encoding=\"UTF-8\" standalone=\"yes\"?>\n<mapper xmlns=\"http://www.kony.com/ns/mapper\">\n    <map inputpath=\"request_in\" outputpath=\"request_out\">\n        <set-param inputpath=\"auth_req_id\" outputpath=\"mfa_key\"/>\n    </map>\n</mapper>\n",
    "iVisualMappingData" : "{\"nodeDataArray\":[{\"isGroup\":true,\"key\":\"request_in\",\"text\":\"AuthStatus\",\"xy\":\"150 100\"},{\"isGroup\":true,\"key\":\"request_out\",\"text\":\"CIBAAuthJavaStatus (1.0).getCIBAApprovalStatus\",\"xy\":\"770 100\"}],\"linkDataArray\":[{\"category\":\"Mapping\",\"visible\":true,\"from\":\"source:AuthStatus:auth_req_id:\",\"to\":\"target:mfa_key:\",\"fromPort\":\"source:AuthStatus:auth_req_id:\",\"toPort\":\"target:mfa_key:\"}],\"blockCount\":{\"variableCount\":0},\"variableMap\":{},\"xmlMappingOverride\":false}",
    "applyCommonMapping" : false,
    "applyRequestCommonMapping" : false,
    "applyResponseCommonMapping" : true,
    "backendMeta" : {
      "serviceName" : "CIBAAuthJavaStatus",
      "serviceVersion" : "1.0",
      "operationName" : "getCIBAApprovalStatus"
    },
    "relationshipHierarchyMapping" : {
      "children" : [ ],
      "name" : "AuthStatus",
      "actions" : { },
      "selected" : true
    },
    "requestXmlMappingOverride" : false,
    "responseXmlMappingOverride" : false
  }
}