{
  "operationConfig" : {
    "name" : "bcauthorize9811",
    "type" : "MappedToBackend",
    "cachable" : false,
    "smsEnabled" : false,
    "security" : "authorized_app",
    "responseEncoding" : "UTF-8",
    "httpMethod" : "GET",
    "decodeResponseBody" : false,
    "iMapping" : "<?xml version=\"1.0\" encoding=\"UTF-8\" standalone=\"yes\"?>\n<mapper xmlns=\"http://www.kony.com/ns/mapper\">\n    <map inputpath=\"request_in\" outputpath=\"request_out\">\n        <set-param inputpath=\"serviceName\" outputpath=\"serviceName\"/>\n        <set-param inputpath=\"userId\" outputpath=\"userId\"/>\n    </map>\n</mapper>\n",
    "oMapping" : "<?xml version=\"1.0\" encoding=\"UTF-8\" standalone=\"yes\"?><mapper xmlns=\"http://www.kony.com/ns/mapper\">  <map inputpath=\"response_in\" outputpath=\"response_out\">    <map inputpath=\"\" outputpath=\"\">      <set-param inputpath=\"auth_req_id\" outputpath=\"authReqId\"/>      <set-param inputpath=\"errorCode\" outputpath=\"errorCode\"/>      <set-param inputpath=\"error_description\" outputpath=\"errorMessage\"/>    </map>  </map></mapper>",
    "iVisualMappingData" : "{\"nodeDataArray\":[{\"isGroup\":true,\"key\":\"request_in\",\"text\":\"CIBAPushOperation\",\"xy\":\"150 100\"},{\"isGroup\":true,\"key\":\"request_out\",\"text\":\"CIBAPushValidationOrchService (1.0).bcauthorize\",\"xy\":\"770 100\"}],\"linkDataArray\":[{\"category\":\"Mapping\",\"visible\":true,\"from\":\"source:CIBAPushOperation:userId:\",\"to\":\"target:userId:\",\"fromPort\":\"source:CIBAPushOperation:userId:\",\"toPort\":\"target:userId:\"},{\"category\":\"Mapping\",\"visible\":true,\"from\":\"source:CIBAPushOperation:serviceName:\",\"to\":\"target:serviceName:\",\"fromPort\":\"source:CIBAPushOperation:serviceName:\",\"toPort\":\"target:serviceName:\"}],\"blockCount\":{\"variableCount\":0},\"variableMap\":{},\"xmlMappingOverride\":false}",
    "oVisualMappingData" : "{\"nodeDataArray\":[{\"isGroup\":true,\"key\":\"response_out\",\"text\":\"CIBAPushOperation\",\"xy\":\"770 100\"},{\"isGroup\":true,\"key\":\"response_in\",\"text\":\"CIBAPushValidationOrchService (1.0).bcauthorize\",\"xy\":\"150 100\"}],\"linkDataArray\":[{\"category\":\"Mapping\",\"visible\":true,\"from\":\"source:auth_req_id:\",\"to\":\"target:CIBAPushOperation:authReqId:\",\"fromPort\":\"source:auth_req_id:\",\"toPort\":\"target:CIBAPushOperation:authReqId:\"},{\"category\":\"Mapping\",\"visible\":true,\"from\":\"source:errorCode:\",\"to\":\"target:CIBAPushOperation:errorCode:\",\"fromPort\":\"source:errorCode:\",\"toPort\":\"target:CIBAPushOperation:errorCode:\"},{\"category\":\"Mapping\",\"visible\":true,\"from\":\"source:error_description:\",\"to\":\"target:CIBAPushOperation:errorMessage:\",\"fromPort\":\"source:error_description:\",\"toPort\":\"target:CIBAPushOperation:errorMessage:\"},{\"from\":\"target\",\"to\":\"target:CIBAPushOperation\",\"fromPort\":\"target\",\"toPort\":\"target:CIBAPushOperation\",\"visible\":true,\"common\":false},{\"from\":\"target:CIBAPushOperation\",\"to\":\"target:CIBAPushOperation:fields\",\"fromPort\":\"target:CIBAPushOperation\",\"toPort\":\"target:CIBAPushOperation:fields\",\"visible\":true,\"common\":false},{\"from\":\"target:CIBAPushOperation:fields\",\"to\":\"target:CIBAPushOperation:userId:\",\"fromPort\":\"target:CIBAPushOperation:fields\",\"toPort\":\"target:CIBAPushOperation:userId:\",\"visible\":true,\"common\":false},{\"from\":\"target:CIBAPushOperation:fields\",\"to\":\"target:CIBAPushOperation:serviceName:\",\"fromPort\":\"target:CIBAPushOperation:fields\",\"toPort\":\"target:CIBAPushOperation:serviceName:\",\"visible\":true,\"common\":false},{\"from\":\"target:CIBAPushOperation:fields\",\"to\":\"target:CIBAPushOperation:authReqId:\",\"fromPort\":\"target:CIBAPushOperation:fields\",\"toPort\":\"target:CIBAPushOperation:authReqId:\",\"visible\":true,\"common\":false},{\"from\":\"target:CIBAPushOperation:fields\",\"to\":\"target:CIBAPushOperation:errorCode:\",\"fromPort\":\"target:CIBAPushOperation:fields\",\"toPort\":\"target:CIBAPushOperation:errorCode:\",\"visible\":true,\"common\":false},{\"from\":\"target:CIBAPushOperation:fields\",\"to\":\"target:CIBAPushOperation:errorMessage:\",\"fromPort\":\"target:CIBAPushOperation:fields\",\"toPort\":\"target:CIBAPushOperation:errorMessage:\",\"visible\":true,\"common\":false},{\"from\":\"source\",\"to\":\"source:parameters\",\"fromPort\":\"source\",\"toPort\":\"source:parameters\",\"visible\":true,\"common\":false},{\"from\":\"source:parameters\",\"to\":\"source:access_token:\",\"fromPort\":\"source:parameters\",\"toPort\":\"source:access_token:\",\"visible\":true,\"common\":false},{\"from\":\"source:parameters\",\"to\":\"source:auth_req_id:\",\"fromPort\":\"source:parameters\",\"toPort\":\"source:auth_req_id:\",\"visible\":true,\"common\":false},{\"from\":\"source:parameters\",\"to\":\"source:error:\",\"fromPort\":\"source:parameters\",\"toPort\":\"source:error:\",\"visible\":true,\"common\":false},{\"from\":\"source:parameters\",\"to\":\"source:errorCode:\",\"fromPort\":\"source:parameters\",\"toPort\":\"source:errorCode:\",\"visible\":true,\"common\":false},{\"from\":\"source:parameters\",\"to\":\"source:error_description:\",\"fromPort\":\"source:parameters\",\"toPort\":\"source:error_description:\",\"visible\":true,\"common\":false},{\"from\":\"source:parameters\",\"to\":\"source:expires_in:\",\"fromPort\":\"source:parameters\",\"toPort\":\"source:expires_in:\",\"visible\":true,\"common\":false},{\"from\":\"source:parameters\",\"to\":\"source:interval:\",\"fromPort\":\"source:parameters\",\"toPort\":\"source:interval:\",\"visible\":true,\"common\":false},{\"from\":\"source:parameters\",\"to\":\"source:token_type:\",\"fromPort\":\"source:parameters\",\"toPort\":\"source:token_type:\",\"visible\":true,\"common\":false}],\"blockCount\":{\"variableCount\":0},\"variableMap\":{},\"xmlMappingOverride\":true}",
    "applyCommonMapping" : false,
    "applyRequestCommonMapping" : false,
    "applyResponseCommonMapping" : false,
    "backendMeta" : {
      "serviceName" : "CIBAPushValidationOrchService",
      "serviceVersion" : "1.0",
      "operationName" : "bcauthorize"
    },
    "relationshipHierarchyMapping" : {
      "children" : [ ],
      "name" : "CIBAPushOperation",
      "actions" : { },
      "selected" : true
    },
    "requestXmlMappingOverride" : false,
    "responseXmlMappingOverride" : true
  }
}