{
  "operationConfig" : {
    "name" : "updateStatus4876",
    "type" : "MappedToBackend",
    "cachable" : false,
    "smsEnabled" : false,
    "security" : "authorized_app_user",
    "responseEncoding" : "UTF-8",
    "httpMethod" : "GET",
    "decodeResponseBody" : false,
    "iMapping" : "<?xml version=\"1.0\" encoding=\"UTF-8\" standalone=\"yes\"?>\n<mapper xmlns=\"http://www.kony.com/ns/mapper\">\n    <map inputpath=\"request_in\" outputpath=\"request_out\">\n        <set-param inputpath=\"serviceKey\" outputpath=\"serviceKey\"/>\n    </map>\n</mapper>\n",
    "oMapping" : "<?xml version=\"1.0\" encoding=\"UTF-8\" standalone=\"yes\"?>\n<mapper xmlns=\"http://www.kony.com/ns/mapper\">\n    <map inputpath=\"response_in\" outputpath=\"response_out\">\n        <map inputpath=\"\" outputpath=\"\"/>\n    </map>\n</mapper>\n",
    "iVisualMappingData" : "{\"nodeDataArray\":[{\"isGroup\":true,\"key\":\"request_in\",\"text\":\"CIBAPushOperation\",\"xy\":\"150 100\"},{\"isGroup\":true,\"key\":\"request_out\",\"text\":\"SCATransactionService (1.0).updateStatus\",\"xy\":\"770 100\"}],\"linkDataArray\":[{\"category\":\"Mapping\",\"visible\":true,\"from\":\"source:CIBAPushOperation:serviceKey:\",\"to\":\"target:serviceKey:\",\"fromPort\":\"source:CIBAPushOperation:serviceKey:\",\"toPort\":\"target:serviceKey:\"}],\"blockCount\":{\"variableCount\":0},\"variableMap\":{},\"xmlMappingOverride\":false}",
    "oVisualMappingData" : "{\"nodeDataArray\":[{\"isGroup\":true,\"key\":\"response_out\",\"text\":\"CIBAPushOperation\",\"xy\":\"770 100\"},{\"isGroup\":true,\"key\":\"response_in\",\"text\":\"SCATransactionService (1.0).updateStatus\",\"xy\":\"150 100\"}],\"linkDataArray\":[],\"blockCount\":{\"variableCount\":0},\"variableMap\":{},\"xmlMappingOverride\":false}",
    "applyCommonMapping" : false,
    "applyRequestCommonMapping" : false,
    "applyResponseCommonMapping" : false,
    "backendMeta" : {
      "serviceName" : "SCATransactionService",
      "serviceVersion" : "1.0",
      "operationName" : "updateStatus"
    },
    "relationshipHierarchyMapping" : {
      "children" : [ ],
      "name" : "CIBAPushOperation",
      "actions" : { },
      "selected" : true
    },
    "requestXmlMappingOverride" : false,
    "responseXmlMappingOverride" : false
  }
}