{
  "operationConfig" : {
    "name" : "searchUser5607",
    "type" : "MappedToBackend",
    "cachable" : false,
    "smsEnabled" : false,
    "security" : "authorized_app",
    "responseEncoding" : "UTF-8",
    "httpMethod" : "GET",
    "decodeResponseBody" : false,
    "iMapping" : "<?xml version=\"1.0\" encoding=\"UTF-8\" standalone=\"yes\"?>\n<mapper xmlns=\"http://www.kony.com/ns/mapper\">\n    <map inputpath=\"request_in\" outputpath=\"request_out\">\n        <exec-function name=\"kony.string:concat\" output=\"$vars\" outputpath=\"userId\">\n            <set-arg name=\"input1\" input=\"externalId eq \"/>\n            <set-arg inputpath=\"username\"/>\n        </exec-function>\n        <set-param inputpath=\"$vars/userId\" outputpath=\"filter\"/>\n    </map>\n</mapper>\n",
    "oMapping" : "<?xml version=\"1.0\" encoding=\"UTF-8\" standalone=\"yes\"?><mapper xmlns=\"http://www.kony.com/ns/mapper\">    <map inputpath=\"response_in\" outputpath=\"response_out\">        <map inputpath=\"\" outputpath=\"User\">            <set-param inputpath=\"userId\" outputpath=\"userId\"/>            <set-param inputpath=\"authenticationMethod\" outputpath=\"authenticationMethod\"/>       <set-param inputpath=\"errorCode\" outputpath=\"errorCode\"/>           <set-param inputpath=\"errorMessage\" outputpath=\"errorMessage\"/>        </map>    </map></mapper>",
    "iVisualMappingData" : "{\"nodeDataArray\":[{\"isGroup\":true,\"key\":\"request_in\",\"text\":\"User\",\"xy\":\"150 100\",\"__gohashid\":14865},{\"isGroup\":true,\"key\":\"request_out\",\"text\":\"SCIMApis (1.0).searchUser\",\"xy\":\"770 100\",\"__gohashid\":14866},{\"key\":\"block:kony.util:constant:1\",\"name\":\"kony.basic:constant\",\"text\":\"Constant\",\"category\":\"functionTemplateConstant\",\"outPortId\":\"externalId eq \",\"outPortText\":\"value\",\"loc\":\"227 334\",\"__gohashid\":20924,\"visible\":true},{\"key\":\"block:kony.string:concat:1\",\"name\":\"kony.string:stringConcatenate\",\"text\":\"String Concatenate\",\"category\":\"functionTemplateNTo1\",\"outPortId\":\"userId\",\"outPortText\":\"result\",\"valueArray\":[{\"inPortId\":\"input1\",\"inPortText\":\"value\",\"__gohashid\":21204},{\"inPortId\":\"input2\",\"inPortText\":\"value\",\"__gohashid\":21912}],\"loc\":\"494 160\",\"__gohashid\":21125,\"visible\":true}],\"linkDataArray\":[{\"category\":\"Mapping\",\"visible\":true,\"__gohashid\":21535,\"from\":\"block:kony.util:constant:1\",\"to\":\"block:kony.string:concat:1\",\"fromPort\":\"externalId eq \",\"toPort\":\"input1\"},{\"category\":\"Mapping\",\"visible\":true,\"__gohashid\":22731,\"from\":\"block:kony.string:concat:1\",\"to\":\"target:filter:\",\"fromPort\":\"userId\",\"toPort\":\"target:filter:\"},{\"category\":\"Mapping\",\"visible\":true,\"__gohashid\":18315,\"from\":\"source:User:username:\",\"to\":\"block:kony.string:concat:1\",\"fromPort\":\"source:User:username:\",\"toPort\":\"input2\"}],\"blockCount\":{\"variableCount\":1,\"constant\":1,\"stringConcatenate\":1},\"variableMap\":{\"result1\":false,\"userId\":true},\"xmlMappingOverride\":false}",
    "oVisualMappingData" : "{\"nodeDataArray\":[{\"isGroup\":true,\"key\":\"response_out\",\"text\":\"User\",\"xy\":\"770 100\"},{\"isGroup\":true,\"key\":\"response_in\",\"text\":\"SCIMApis (1.0).searchUser\",\"xy\":\"150 100\"}],\"linkDataArray\":[{\"category\":\"Mapping\",\"visible\":true,\"from\":\"source:userId:\",\"to\":\"target:User:userId:\",\"fromPort\":\"source:userId:\",\"toPort\":\"target:User:userId:\"},{\"from\":\"target\",\"to\":\"target:User\",\"fromPort\":\"target\",\"toPort\":\"target:User\",\"visible\":true,\"common\":false},{\"from\":\"target:User\",\"to\":\"target:User:fields\",\"fromPort\":\"target:User\",\"toPort\":\"target:User:fields\",\"visible\":true,\"common\":false},{\"from\":\"target:User:fields\",\"to\":\"target:User:userId:\",\"fromPort\":\"target:User:fields\",\"toPort\":\"target:User:userId:\",\"visible\":true,\"common\":false},{\"from\":\"target:User:fields\",\"to\":\"target:User:username:\",\"fromPort\":\"target:User:fields\",\"toPort\":\"target:User:username:\",\"visible\":true,\"common\":false},{\"from\":\"target:User:fields\",\"to\":\"target:User:authenticationMethod:\",\"fromPort\":\"target:User:fields\",\"toPort\":\"target:User:authenticationMethod:\",\"visible\":true,\"common\":false},{\"from\":\"source\",\"to\":\"source:parameters\",\"fromPort\":\"source\",\"toPort\":\"source:parameters\",\"visible\":true,\"common\":false},{\"from\":\"source:parameters\",\"to\":\"source:totalResults:\",\"fromPort\":\"source:parameters\",\"toPort\":\"source:totalResults:\",\"visible\":true,\"common\":false},{\"from\":\"source:parameters\",\"to\":\"source:userId:\",\"fromPort\":\"source:parameters\",\"toPort\":\"source:userId:\",\"visible\":true,\"common\":false},{\"from\":\"source\",\"to\":\"source:authenticators\",\"fromPort\":\"source\",\"toPort\":\"source:authenticators\",\"visible\":true,\"common\":false},{\"from\":\"source:authenticators\",\"to\":\"source:authenticators:parameters\",\"fromPort\":\"source:authenticators\",\"toPort\":\"source:authenticators:parameters\",\"visible\":true,\"common\":false},{\"from\":\"source:authenticators:parameters\",\"to\":\"source:authenticators:code:\",\"fromPort\":\"source:authenticators:parameters\",\"toPort\":\"source:authenticators:code:\",\"visible\":true,\"common\":false}],\"blockCount\":{\"variableCount\":0},\"variableMap\":{},\"xmlMappingOverride\":true}",
    "applyCommonMapping" : false,
    "applyRequestCommonMapping" : false,
    "applyResponseCommonMapping" : false,
    "backendMeta" : {
      "serviceName" : "SCIMApis",
      "serviceVersion" : "1.0",
      "operationName" : "searchUser"
    },
    "relationshipHierarchyMapping" : {
      "children" : [ ],
      "name" : "User",
      "actions" : { },
      "selected" : true
    },
    "requestXmlMappingOverride" : false,
    "responseXmlMappingOverride" : true
  }
}