{
  "version" : "1.0",
  "intSvcs" : [ {
    "name" : "CIBAAuthJavaStatus",
    "version" : "1.0",
    "etag" : "ba8c4d29-4f07-45d7-b2b1-5b7a91ebaf3b"
  }, {
    "name" : "CIBAInitiation",
    "version" : "1.0",
    "etag" : "a83018da-65a6-4fdb-af3e-edde77450bd0"
  }, {
    "name" : "CIBAValidationService",
    "version" : "1.0",
    "etag" : "b393d72a-c350-4cbd-bdb7-3bcde1bb6b14"
  }, {
    "name" : "ClientCredentials",
    "version" : "1.0",
    "etag" : "bc58fec2-3c18-4a29-85b7-d120a0051fcd"
  }, {
    "name" : "SCIMApis",
    "version" : "1.0",
    "etag" : "5fc6d963-2330-485a-9941-0cf7ccc8f05d"
  }, {
    "name" : "UserCredentialsService",
    "version" : "1.0",
    "etag" : "59554248-9ca6-498b-b35d-41459f25c7a4"
  }, {
    "name" : "UserIdentityAttributes",
    "version" : "1.0",
    "etag" : "66a0b6e9-3a0f-4898-acb2-9bd761feeee2"
  } ],
  "orchSvcs" : [ {
    "name" : "CIBAValidationOrchService",
    "version" : "1.0",
    "etag" : "7cf5e241-c0d0-4d09-98c4-ea3745aafdf8"
  }, {
    "name" : "CIBAAuthOrchService",
    "version" : "1.0",
    "etag" : "aa9f008c-588a-42c0-91ce-9dc770a52702"
  } ],
  "objectSvcs" : [ {
    "name" : "SCAObjects",
    "version" : "1.0",
    "etag" : "0f7fb30e-eb3f-4421-b013-fac74d0e60bb"
  } ],
  "identity" : [ "CIBACustomIdentity", "UserCredentialsIdentity" ]
}